property_id,estate,property_type,furnishing,bedrooms,bathrooms,floor_size_sqm,monthly_rent_kes,service_charge_kes,distance_to_cbd_km,age_of_building_years,security_rating,occupancy_rate,parking_slots,has_backup_generator,has_borehole,tenant_type,vacancy_status,satisfaction_score,rent_2024,rent_2025
1,South B,Apartment,Unfurnished,3,2,114.8,174906.0,5549.0,9.9,21.3,6.5,93.5,2,Yes,No,Professional,Occupied,71.2,153825.0,174906.0
2,Karen,Apartment,Semi-Furnished,5,5,75.2,377170.0,3205.0,24.5,17.4,6.9,94.0,3,No,Yes,Professional,Occupied,89.4,336858.0,377170.0
3,Umoja,Apartment,Furnished,1,1,84.9,84013.0,4526.0,6.6,16.5,7.9,91.2,0,No,No,Student,Occupied,83.1,71889.0,84013.0
4,Ruaka,Apartment,Unfurnished,2,3,75.2,151752.0,2496.0,17.9,12.9,6.6,98.6,2,No,Yes,Student,Occupied,65.4,137138.0,151752.0
5,Kasarani,Maisonette,Unfurnished,3,3,69.6,98368.0,999.0,3.6,16.6,6.9,94.0,2,No,No,Expat,Occupied,70.8,91765.0,98368.0
6,South C,Apartment,Unfurnished,2,2,67.0,120321.0,3397.0,17.0,16.3,6.6,96.3,2,No,No,Family,Occupied,66.3,110617.0,120321.0
7,Umoja,Apartment,Semi-Furnished,5,4,86.5,102279.0,5675.0,8.9,16.7,6.9,85.5,3,Yes,Yes,Expat,Occupied,61.6,96234.0,102279.0
8,Runda,Apartment,Unfurnished,3,2,55.5,360578.0,8250.0,2.8,6.8,6.6,95.1,3,Yes,Yes,Student,Occupied,72.5,339209.0,360578.0
9,South B,Maisonette,Semi-Furnished,6,6,81.4,188880.0,2864.0,14.3,5.4,6.4,84.7,4,No,No,Student,Occupied,63.0,171621.0,188880.0
10,Embakasi,Maisonette,Unfurnished,4,3,100.9,159924.0,11317.0,4.0,9.7,6.2,89.2,3,Yes,No,Student,Occupied,73.3,137405.0,159924.0
11,Kileleshwa,Bedsitter,Unfurnished,3,4,94.5,250949.0,3578.0,5.6,11.9,6.8,96.7,2,No,Yes,Expat,Occupied,94.3,237018.0,250949.0
12,South B,Apartment,Unfurnished,4,5,91.5,160692.0,5625.0,19.6,10.5,8.2,92.8,3,No,Yes,Professional,Occupied,82.0,149734.0,160692.0
13,Kasarani,Townhouse,Semi-Furnished,5,4,71.6,138060.0,6783.0,8.9,0.7,7.7,94.1,3,Yes,No,Family,Occupied,69.4,119228.0,138060.0
14,Kasarani,Apartment,Furnished,6,6,61.2,127332.0,4177.0,6.4,22.3,5.1,84.1,4,Yes,No,Family,Occupied,68.6,117803.0,127332.0
15,South C,Apartment,Furnished,5,5,100.6,200138.0,3777.0,32.6,10.4,6.5,88.3,2,No,Yes,Professional,Occupied,71.0,170422.0,200138.0
16,Runda,Apartment,Furnished,2,2,78.3,395850.0,11968.0,3.7,13.0,6.2,91.9,2,No,No,Family,Vacant,95.7,369836.0,395850.0
17,Karen,Apartment,Semi-Furnished,2,2,83.8,291442.0,1225.0,17.6,19.5,5.1,92.7,1,Yes,Yes,Professional,Occupied,64.1,265836.0,291442.0
18,South C,Townhouse,Unfurnished,2,3,82.0,138728.0,4145.0,9.8,0.0,7.3,93.3,2,No,No,Expat,Occupied,75.0,132838.0,138728.0
19,South C,Maisonette,Semi-Furnished,3,3,95.1,191312.0,1114.0,1.8,8.9,6.9,93.7,1,No,No,Student,Occupied,79.7,162290.0,191312.0
20,Kileleshwa,Apartment,Unfurnished,2,3,112.6,277366.0,1143.0,7.3,9.7,9.4,89.6,2,Yes,Yes,Professional,Occupied,87.2,238385.0,277366.0
21,Lavington,Bedsitter,Furnished,2,1,106.9,273452.0,3877.0,24.8,10.0,6.6,64.2,2,Yes,Yes,Professional,Occupied,71.7,237241.0,273452.0
22,Runda,Townhouse,Unfurnished,6,5,50.0,435495.0,2785.0,16.8,11.0,6.1,90.0,4,Yes,No,Student,Occupied,65.4,413340.0,435495.0
23,Kilimani,Maisonette,Unfurnished,4,5,80.4,257642.0,17245.0,4.1,20.7,6.0,91.7,3,No,No,Student,Occupied,77.9,219195.0,257642.0
24,South C,Bedsitter,Semi-Furnished,4,4,64.8,192460.0,3370.0,10.6,16.0,6.5,89.1,4,No,No,Family,Occupied,88.1,164584.0,192460.0
25,Roysambu,Townhouse,Furnished,3,4,99.1,181808.0,8907.0,8.3,17.7,7.7,98.8,2,No,No,Professional,Occupied,72.3,165981.0,181808.0
26,Donholm,Townhouse,Unfurnished,5,5,85.1,145800.0,4172.0,8.1,12.3,7.8,93.6,2,No,Yes,Student,Occupied,66.6,128771.0,145800.0
27,Lavington,Maisonette,Semi-Furnished,3,3,94.1,330327.0,1735.0,6.0,3.6,10.0,82.9,2,Yes,No,Family,Occupied,76.1,280207.0,330327.0
28,Kilimani,Apartment,Unfurnished,2,3,79.1,215085.0,1172.0,9.8,0.0,5.6,95.3,2,Yes,No,Expat,Occupied,58.8,197062.0,215085.0
29,Roysambu,Apartment,Unfurnished,5,6,69.4,135354.0,1549.0,5.3,2.8,7.1,85.2,3,Yes,No,Professional,Occupied,72.8,129284.0,135354.0
30,Runda,Maisonette,Unfurnished,3,3,72.0,357112.0,5062.0,15.9,14.2,6.2,91.9,2,Yes,No,Expat,Occupied,86.8,307811.0,357112.0
31,Westlands,Apartment,Semi-Furnished,6,6,62.0,323493.0,12308.0,8.1,12.2,7.4,91.8,4,No,No,Student,Occupied,83.7,293691.0,323493.0
32,Roysambu,Maisonette,Unfurnished,1,1,66.0,94293.0,2123.0,16.8,10.7,,97.1,1,No,Yes,Student,Occupied,73.6,80042.0,94293.0
33,Embakasi,Apartment,Unfurnished,3,4,62.9,100014.0,7234.0,5.8,9.8,8.0,91.3,2,Yes,No,Professional,Vacant,91.6,89889.0,100014.0
34,Lavington,Apartment,Unfurnished,4,3,69.5,294717.0,3543.0,5.8,24.1,5.6,92.6,2,Yes,Yes,Expat,Occupied,94.1,284910.0,294717.0
35,Umoja,Apartment,Semi-Furnished,3,3,68.6,107689.0,1910.0,8.5,7.1,7.8,95.1,1,Yes,Yes,Student,Vacant,81.6,97566.0,107689.0
36,Roysambu,Apartment,Unfurnished,4,3,90.9,151346.0,5158.0,5.2,17.6,4.5,78.1,2,No,Yes,Professional,Vacant,60.3,133027.0,151346.0
37,Langata,Townhouse,Semi-Furnished,3,4,90.3,190187.0,12259.0,8.0,12.0,4.1,74.7,2,No,No,Professional,Occupied,56.2,183950.0,190187.0
38,Westlands,Maisonette,Unfurnished,4,3,90.9,323678.0,3817.0,5.4,11.6,6.7,96.3,2,No,Yes,Professional,Occupied,88.8,296404.0,323678.0
39,Kasarani,Maisonette,Semi-Furnished,2,3,102.6,117889.0,7192.0,11.1,19.1,7.7,95.3,1,Yes,Yes,Student,Occupied,77.4,111920.0,117889.0
40,Kasarani,Bedsitter,Unfurnished,3,3,83.8,105489.0,4994.0,4.5,20.8,7.4,82.4,1,No,Yes,Student,Occupied,91.4,93646.0,105489.0
41,Ruaka,Apartment,Furnished,3,4,73.3,223925.0,5000.0,14.8,10.6,9.3,95.2,2,Yes,Yes,Professional,Occupied,61.6,190801.0,223925.0
42,Embakasi,Apartment,Unfurnished,3,4,118.2,128798.0,2293.0,9.1,16.8,,89.7,2,No,No,Family,Occupied,73.4,114621.0,128798.0
43,Roysambu,Bedsitter,Unfurnished,6,6,98.6,159860.0,5674.0,7.3,14.2,6.9,94.0,3,No,Yes,Professional,Occupied,85.3,140941.0,159860.0
44,Roysambu,Apartment,Unfurnished,3,4,87.3,119447.0,1446.0,3.6,12.0,8.4,92.9,2,No,Yes,Professional,Occupied,67.7,109636.0,119447.0
45,Ruaka,Apartment,Unfurnished,2,2,86.2,194720.0,5182.0,3.2,13.2,6.6,95.3,3,No,Yes,Professional,Occupied,85.1,174720.0,194720.0
46,Donholm,Apartment,Semi-Furnished,3,4,89.3,98525.0,10517.0,23.9,7.9,7.5,87.1,3,No,Yes,Family,Vacant,73.8,88635.0,98525.0
47,Donholm,Apartment,Unfurnished,3,3,82.0,182456.0,14225.0,12.0,10.2,7.5,67.7,2,Yes,Yes,Expat,Occupied,75.3,159497.0,182456.0
48,Ruaka,Townhouse,Semi-Furnished,5,4,86.9,248016.0,1940.0,11.6,8.5,,91.8,3,Yes,No,Student,Occupied,63.2,214077.0,248016.0
49,Donholm,Maisonette,Unfurnished,3,4,92.5,104920.0,5482.0,5.5,17.4,7.5,89.9,2,No,No,Student,Occupied,77.5,92896.0,104920.0
50,Kileleshwa,Apartment,Unfurnished,3,4,74.1,220657.0,2456.0,12.9,11.4,9.6,91.1,2,Yes,Yes,Expat,Occupied,96.9,187479.0,220657.0
51,Roysambu,Bedsitter,Unfurnished,4,5,60.5,106904.0,4440.0,8.5,4.2,8.4,98.6,2,Yes,Yes,Professional,Occupied,78.9,92619.0,106904.0
52,South B,Maisonette,Semi-Furnished,5,5,53.9,161856.0,15452.0,7.1,7.7,6.0,94.5,3,No,No,Professional,Occupied,67.1,154340.0,161856.0
53,Karen,Apartment,Unfurnished,4,5,98.3,443860.0,7439.0,3.6,0.0,9.8,96.4,2,No,Yes,Student,Occupied,89.0,401276.0,443860.0
54,Langata,Maisonette,Unfurnished,5,5,61.3,180583.0,2549.0,11.1,9.0,7.8,86.9,2,No,No,Professional,Occupied,67.4,154942.0,180583.0
55,Kileleshwa,Maisonette,Furnished,4,5,92.0,254455.0,2450.0,25.3,12.2,7.5,95.6,3,Yes,No,Expat,Occupied,92.2,217188.0,254455.0
56,Runda,Apartment,Unfurnished,1,1,67.7,281499.0,4072.0,19.5,11.2,6.9,83.2,1,Yes,No,Student,Occupied,62.3,258961.0,281499.0
57,Kileleshwa,Apartment,Furnished,4,5,67.9,236353.0,4271.0,15.4,23.9,7.8,96.9,3,No,No,Family,Occupied,77.7,207536.0,236353.0
58,South B,Apartment,Semi-Furnished,1,1,74.2,114258.0,4416.0,3.8,15.4,7.1,85.5,2,No,Yes,Professional,Occupied,90.3,104672.0,114258.0
59,Runda,Apartment,Furnished,4,4,87.9,494492.0,1419.0,3.7,15.2,7.0,97.0,2,No,Yes,Expat,Occupied,66.3,471597.0,494492.0
60,Langata,Apartment,Furnished,4,3,65.7,202174.0,16307.0,13.5,2.1,6.8,90.1,2,No,No,Student,Vacant,75.8,173884.0,202174.0
61,South B,Maisonette,Unfurnished,4,5,75.7,152458.0,17475.0,9.7,9.8,8.2,95.8,3,No,No,Student,Vacant,86.6,130329.0,152458.0
62,Kilimani,Apartment,Semi-Furnished,1,2,84.6,222317.0,5628.0,7.1,9.1,8.0,95.5,1,Yes,No,Family,Occupied,52.4,201062.0,222317.0
63,Karen,Apartment,Semi-Furnished,1,1,66.8,253233.0,2188.0,6.1,7.3,6.8,70.7,1,Yes,No,Professional,Occupied,84.3,245204.0,253233.0
64,Langata,Townhouse,Semi-Furnished,3,4,106.4,213167.0,2594.0,1.5,7.2,5.2,96.2,1,Yes,No,Family,Occupied,74.1,184975.0,213167.0
65,Roysambu,Maisonette,Unfurnished,3,4,59.2,108319.0,2081.0,12.8,1.2,7.0,91.8,2,No,Yes,Expat,Occupied,89.4,98334.0,108319.0
66,Donholm,Apartment,Unfurnished,3,3,81.7,103001.0,1954.0,9.4,4.3,6.1,84.3,2,Yes,Yes,Student,Occupied,66.7,98921.0,103001.0
67,Kilimani,Apartment,Semi-Furnished,3,3,104.1,274932.0,2582.0,5.1,17.2,6.4,98.5,1,No,Yes,Student,Occupied,61.1,259760.0,274932.0
68,Embakasi,Apartment,Semi-Furnished,4,3,65.1,117621.0,5408.0,22.5,11.1,6.9,88.8,3,No,Yes,Family,Occupied,69.6,111720.0,117621.0
69,Langata,Bedsitter,Unfurnished,1,1,83.4,133744.0,4402.0,4.0,9.0,5.7,74.9,1,Yes,No,Family,Vacant,69.4,118050.0,133744.0
70,Embakasi,Apartment,Semi-Furnished,1,2,87.0,89321.0,11695.0,3.7,12.0,5.1,96.7,1,No,No,Family,Occupied,72.9,83096.0,89321.0
71,Runda,Apartment,Semi-Furnished,2,2,72.9,408313.0,1385.0,7.6,19.0,7.4,93.7,2,No,No,Professional,Occupied,70.3,389183.0,408313.0
72,Kilimani,Townhouse,Semi-Furnished,4,5,83.8,284727.0,2172.0,11.5,12.0,7.0,94.5,2,No,No,Student,Occupied,54.9,243847.0,284727.0
73,Karen,Apartment,Unfurnished,2,1,93.4,339739.0,992.0,19.1,15.2,7.0,83.6,2,No,Yes,Professional,Occupied,74.1,289514.0,339739.0
74,Roysambu,Maisonette,Semi-Furnished,5,5,78.0,133124.0,4453.0,10.3,6.9,7.6,93.0,3,Yes,No,Expat,Occupied,77.3,126690.0,133124.0
75,Ruaka,Townhouse,Unfurnished,5,6,96.5,232745.0,12338.0,14.4,8.3,6.2,84.2,4,Yes,Yes,Professional,Occupied,73.1,218636.0,232745.0
76,Roysambu,Apartment,Semi-Furnished,2,2,90.9,102751.0,2891.0,15.4,14.1,7.4,76.7,2,Yes,No,Family,Occupied,77.9,91839.0,102751.0
77,South B,Maisonette,Unfurnished,4,4,76.3,161935.0,10465.0,16.3,23.4,8.6,75.2,2,No,Yes,Expat,Occupied,75.8,153847.0,161935.0
78,Roysambu,Apartment,Semi-Furnished,6,6,101.9,179500.0,6540.0,10.3,20.6,6.7,73.6,4,No,No,Expat,Occupied,61.2,170338.0,179500.0
79,Umoja,Townhouse,Unfurnished,4,4,73.9,104525.0,7382.0,10.3,15.5,9.3,95.6,2,No,Yes,Professional,Occupied,72.0,96739.0,104525.0
80,South C,Bedsitter,Semi-Furnished,1,1,97.8,152605.0,6064.0,5.8,12.9,7.1,78.0,0,Yes,No,Professional,Vacant,76.1,130167.0,152605.0
81,Ruaka,Bedsitter,Semi-Furnished,3,4,74.2,182748.0,14218.0,8.2,20.4,6.0,86.6,1,No,Yes,Family,Occupied,72.6,155614.0,182748.0
82,Kileleshwa,Apartment,Unfurnished,3,3,80.3,253008.0,3498.0,6.6,16.8,8.0,87.7,2,No,Yes,Family,Occupied,60.1,218814.0,253008.0
83,Donholm,Maisonette,Semi-Furnished,6,6,82.6,125015.0,6508.0,11.5,0.0,6.9,90.7,4,No,Yes,Expat,Occupied,87.2,110207.0,125015.0
84,Westlands,Maisonette,Unfurnished,4,3,90.1,308347.0,14645.0,18.0,5.7,8.3,90.9,3,Yes,No,Family,Occupied,65.3,270931.0,308347.0
85,Karen,Apartment,Unfurnished,4,5,48.8,324504.0,1966.0,6.6,14.0,7.5,92.4,3,No,No,Student,Occupied,62.6,294886.0,324504.0
86,Kilimani,Maisonette,Unfurnished,5,6,91.9,324422.0,3461.0,13.7,1.3,6.6,93.2,1,Yes,No,Student,Occupied,75.4,292398.0,324422.0
87,South C,Apartment,Furnished,1,1,83.5,126855.0,6017.0,3.5,6.6,8.8,92.9,1,Yes,No,Expat,Occupied,71.8,112743.0,126855.0
88,Karen,Apartment,Unfurnished,2,2,89.3,319232.0,2206.0,14.4,7.8,6.4,96.9,1,Yes,Yes,Professional,Occupied,81.0,280103.0,319232.0
89,Kilimani,Apartment,Semi-Furnished,2,3,92.5,231495.0,2142.0,4.6,10.5,4.4,82.4,1,Yes,No,Professional,Vacant,83.7,221627.0,231495.0
90,Donholm,Apartment,Unfurnished,2,3,90.9,82251.0,16664.0,26.2,10.3,8.1,97.6,1,No,Yes,Student,Occupied,82.2,77323.0,82251.0
91,Lavington,Apartment,Unfurnished,2,2,54.9,217886.0,2279.0,13.1,10.3,7.4,72.7,2,Yes,Yes,Professional,Occupied,75.0,185523.0,217886.0
92,Lavington,Townhouse,Unfurnished,3,3,69.1,259973.0,3114.0,14.8,17.0,8.5,98.1,2,No,No,Family,Occupied,80.5,240655.0,259973.0
93,Embakasi,Apartment,Semi-Furnished,2,3,90.0,96711.0,4680.0,17.3,10.4,5.9,95.2,1,Yes,Yes,Student,Occupied,59.4,90361.0,96711.0
94,Karen,Bedsitter,Unfurnished,2,1,88.0,349909.0,5432.0,6.8,9.7,6.7,88.7,2,Yes,Yes,Expat,Vacant,85.9,320052.0,349909.0
95,Lavington,Apartment,Furnished,2,2,73.2,235172.0,2747.0,8.6,3.9,6.6,92.7,2,Yes,No,Professional,Occupied,71.0,219042.0,235172.0
96,Umoja,Maisonette,Unfurnished,4,4,96.1,122600.0,3479.0,6.2,18.1,8.1,88.0,3,Yes,No,Expat,Occupied,94.7,117469.0,122600.0
97,Ruaka,Townhouse,Semi-Furnished,4,3,81.2,219943.0,1996.0,6.2,8.0,7.8,94.2,2,Yes,No,Expat,Vacant,86.2,207260.0,219943.0
98,Kilimani,Apartment,Unfurnished,2,3,98.3,244363.0,2731.0,2.2,5.5,7.3,94.1,1,No,Yes,Professional,Occupied,73.0,217014.0,244363.0
99,Embakasi,Maisonette,Unfurnished,3,3,103.2,121152.0,6547.0,10.2,13.3,7.3,93.9,2,No,No,Professional,Occupied,75.2,113921.0,121152.0
100,Roysambu,Apartment,Unfurnished,1,2,89.2,90651.0,7589.0,9.2,7.4,5.6,88.5,1,Yes,No,Student,Occupied,86.8,80425.0,90651.0
101,Kilimani,Maisonette,Semi-Furnished,5,6,93.3,329228.0,8207.0,1.8,8.8,7.9,90.8,3,Yes,No,Student,Occupied,52.4,315047.0,329228.0
102,Embakasi,Apartment,Unfurnished,4,5,75.9,141891.0,4010.0,12.9,13.6,7.9,90.3,2,Yes,No,Expat,Occupied,73.4,136923.0,141891.0
103,Donholm,Townhouse,Semi-Furnished,4,3,98.4,136823.0,3506.0,7.6,10.0,9.7,62.2,3,No,No,Expat,Occupied,92.0,118028.0,136823.0
104,Karen,Apartment,Semi-Furnished,6,6,88.3,482882.0,1611.0,5.9,25.9,,98.7,4,No,Yes,Student,Vacant,83.4,422098.0,482882.0
105,Donholm,Bedsitter,Furnished,3,4,80.6,113556.0,3137.0,10.3,11.6,7.8,93.9,2,No,No,Expat,Occupied,66.6,100501.0,113556.0
106,Ruaka,Maisonette,Semi-Furnished,2,2,66.7,164898.0,4543.0,7.9,15.7,7.6,97.2,1,Yes,No,Family,Occupied,78.1,159378.0,164898.0
107,Ruaka,Apartment,Semi-Furnished,2,2,77.7,129543.0,8619.0,44.7,0.3,6.2,90.9,1,Yes,Yes,Professional,Vacant,65.2,121533.0,129543.0
108,South C,Apartment,Unfurnished,4,3,68.4,148677.0,1040.0,23.6,6.8,8.5,86.2,2,Yes,No,Professional,Occupied,71.6,129077.0,148677.0
109,Donholm,Apartment,Furnished,3,2,96.4,105653.0,3179.0,16.4,5.5,6.9,95.7,2,No,No,Family,Occupied,78.3,100459.0,105653.0
110,South B,Apartment,Semi-Furnished,6,6,103.3,209265.0,824.0,3.0,6.3,6.8,99.1,3,Yes,No,Student,Occupied,80.1,181665.0,209265.0
111,Roysambu,Bedsitter,Unfurnished,2,2,98.7,115176.0,1310.0,11.5,14.5,6.8,86.5,1,No,Yes,Student,Vacant,82.3,103053.0,115176.0
112,Langata,Apartment,Furnished,4,3,122.3,259040.0,10120.0,14.1,18.2,6.9,96.7,3,No,Yes,Expat,Occupied,87.3,227018.0,259040.0
113,Donholm,Apartment,Unfurnished,4,5,78.1,108313.0,1618.0,21.3,14.1,6.4,95.6,2,No,Yes,Expat,Occupied,63.1,96135.0,108313.0
114,South C,Apartment,Unfurnished,4,3,93.9,217041.0,4340.0,10.0,10.6,7.3,95.8,2,Yes,No,Student,Occupied,75.2,198655.0,217041.0
115,Runda,Maisonette,Unfurnished,3,4,67.3,369835.0,8253.0,11.0,8.2,6.9,94.5,1,No,Yes,Expat,Occupied,66.5,344418.0,369835.0
116,Umoja,Apartment,Unfurnished,1,1,82.0,76357.0,2900.0,3.7,18.7,6.8,93.2,0,Yes,Yes,Family,Occupied,71.0,67518.0,76357.0
117,Kilimani,Apartment,Unfurnished,3,3,62.8,212782.0,1708.0,3.3,24.4,7.6,92.5,2,No,No,Professional,Occupied,67.5,184861.0,212782.0
118,Ruaka,Apartment,Unfurnished,2,2,93.5,202307.0,4374.0,4.3,12.8,7.1,96.3,3,Yes,Yes,Family,Vacant,80.0,195143.0,202307.0
119,Runda,Apartment,Semi-Furnished,5,6,79.7,491881.0,11991.0,3.3,17.6,6.3,95.3,3,Yes,No,Professional,Occupied,85.5,452518.0,491881.0
120,South C,Maisonette,Unfurnished,2,1,54.2,111297.0,8062.0,9.3,14.1,6.1,98.6,1,Yes,No,Professional,Occupied,86.1,102804.0,111297.0
121,Embakasi,Apartment,Furnished,5,6,74.7,125754.0,3382.0,8.1,16.5,7.1,88.4,4,No,No,Expat,Occupied,63.9,112893.0,125754.0
122,Langata,Apartment,Unfurnished,3,2,111.9,203956.0,2725.0,9.1,5.0,6.1,88.7,1,Yes,No,Expat,Occupied,73.8,194784.0,203956.0
123,Roysambu,Maisonette,Semi-Furnished,2,1,91.2,103674.0,9041.0,10.0,9.1,6.0,96.9,2,No,No,Professional,Occupied,63.7,88609.0,103674.0
124,Roysambu,Maisonette,Unfurnished,2,1,96.5,143787.0,1447.0,18.8,14.4,6.0,84.1,1,Yes,No,Expat,Vacant,63.3,129273.0,143787.0
125,Roysambu,Apartment,Semi-Furnished,3,3,86.9,131761.0,7753.0,21.2,19.3,7.3,94.3,2,Yes,No,Family,Occupied,68.4,112755.0,131761.0
126,Umoja,Maisonette,Unfurnished,5,4,82.3,101622.0,2776.0,20.9,7.1,8.4,95.7,4,No,Yes,Student,Occupied,78.4,88172.0,101622.0
127,Langata,Townhouse,Furnished,3,3,85.2,162424.0,1421.0,12.0,0.0,7.4,97.9,2,Yes,Yes,Expat,Occupied,80.2,153412.0,162424.0
128,Umoja,Apartment,Unfurnished,6,5,88.7,125249.0,1168.0,5.4,9.0,8.1,97.5,4,No,No,Expat,Occupied,81.5,119301.0,125249.0
129,Ruaka,Maisonette,Unfurnished,2,1,68.6,162552.0,12639.0,3.8,18.1,6.9,95.8,1,No,No,Expat,Occupied,80.9,140229.0,162552.0
130,Umoja,Maisonette,Semi-Furnished,4,4,96.4,124942.0,3495.0,2.8,2.5,7.2,81.8,2,No,No,Student,Occupied,66.5,112518.0,124942.0
131,Westlands,Apartment,Unfurnished,2,2,101.8,281666.0,2152.0,11.9,4.9,9.0,95.8,1,Yes,No,Family,Vacant,86.8,272678.0,281666.0
132,Langata,Apartment,Unfurnished,4,5,82.1,211504.0,3903.0,8.9,12.9,8.0,87.9,3,No,Yes,Professional,Vacant,83.0,180752.0,211504.0
133,South B,Apartment,Unfurnished,4,3,77.2,169411.0,2696.0,7.6,11.3,8.1,90.5,2,No,Yes,Family,Vacant,,153877.0,169411.0
134,Langata,Maisonette,Semi-Furnished,4,4,73.9,167232.0,2760.0,14.5,15.6,6.7,83.9,3,No,Yes,Expat,Occupied,71.3,155544.0,167232.0
135,South C,Townhouse,Semi-Furnished,2,3,111.4,166226.0,2843.0,8.7,4.6,7.0,99.5,1,Yes,No,Student,Occupied,68.4,150093.0,166226.0
136,Westlands,Bedsitter,Semi-Furnished,3,4,78.2,239543.0,4047.0,28.1,10.1,7.5,97.1,2,No,Yes,Family,Occupied,62.1,207677.0,239543.0
137,Roysambu,Apartment,Semi-Furnished,2,2,94.8,113434.0,6838.0,2.8,19.2,6.3,88.3,2,No,Yes,Expat,Occupied,81.7,108389.0,113434.0
138,South C,Bedsitter,Unfurnished,3,2,82.2,152501.0,1380.0,9.5,4.8,4.2,84.1,2,No,No,Expat,Occupied,83.2,140705.0,152501.0
139,South C,Bedsitter,Furnished,4,5,81.3,192637.0,10356.0,2.1,20.9,,82.2,3,No,Yes,Professional,Occupied,65.7,178727.0,192637.0
140,Ruaka,Apartment,Unfurnished,4,3,73.5,209523.0,,13.7,5.6,8.2,93.9,2,No,No,Student,Occupied,62.7,181256.0,209523.0
141,Kasarani,Apartment,Semi-Furnished,3,2,70.4,96876.0,4814.0,2.9,17.1,7.1,95.7,2,Yes,Yes,Professional,Occupied,65.6,84477.0,96876.0
142,Kileleshwa,Maisonette,Unfurnished,4,5,96.1,289801.0,3863.0,10.2,9.8,6.3,78.7,3,Yes,No,Family,Occupied,76.1,265869.0,289801.0
143,Westlands,Apartment,Unfurnished,4,4,70.1,278574.0,2287.0,5.2,5.1,6.6,92.9,3,Yes,Yes,Professional,Occupied,61.2,246597.0,278574.0
144,South C,Maisonette,Unfurnished,5,4,91.9,209755.0,8908.0,4.7,9.0,4.6,97.8,3,Yes,Yes,Family,Vacant,86.3,192583.0,209755.0
145,Kileleshwa,Apartment,Semi-Furnished,3,3,86.4,263044.0,2308.0,5.4,15.3,6.6,91.1,2,No,No,Expat,Occupied,85.7,235767.0,263044.0
146,Kileleshwa,Apartment,Semi-Furnished,5,6,96.3,309001.0,10863.0,7.9,12.0,5.7,93.9,4,No,No,Student,Vacant,79.2,262158.0,309001.0
147,Westlands,Apartment,Semi-Furnished,3,2,75.9,276381.0,6423.0,3.4,18.7,6.2,95.8,2,No,Yes,Student,Occupied,83.1,248916.0,276381.0
148,Kasarani,Apartment,Furnished,5,5,101.2,144526.0,2381.0,3.1,20.6,5.6,92.8,4,No,No,Expat,Occupied,75.6,122658.0,144526.0
149,Runda,Townhouse,Semi-Furnished,4,4,82.9,456672.0,1739.0,12.6,4.9,5.5,93.8,4,Yes,No,Student,Occupied,79.7,399860.0,456672.0
150,Embakasi,Apartment,Semi-Furnished,5,4,123.9,176777.0,8481.0,1.4,4.5,5.8,97.9,3,Yes,Yes,Professional,Vacant,62.0,168663.0,176777.0
151,South B,Maisonette,Semi-Furnished,2,2,60.8,139523.0,1810.0,10.3,4.2,7.8,91.5,2,No,No,Family,Occupied,88.9,121388.0,139523.0
152,Embakasi,Apartment,Unfurnished,3,3,121.4,133913.0,3666.0,1.7,6.6,6.4,96.5,2,No,Yes,Family,Vacant,70.1,127029.0,133913.0
153,Langata,Maisonette,Semi-Furnished,1,2,83.1,138186.0,6554.0,9.3,18.6,5.7,93.2,1,No,Yes,Family,Occupied,73.7,124509.0,138186.0
154,Roysambu,Apartment,Semi-Furnished,2,3,88.3,111728.0,5566.0,4.8,15.4,7.9,76.8,2,No,Yes,Professional,Occupied,99.9,99581.0,111728.0
155,South B,Maisonette,Semi-Furnished,4,4,75.9,157267.0,3491.0,14.0,8.7,7.2,81.4,3,Yes,Yes,Family,Occupied,72.8,135128.0,157267.0
156,Langata,Maisonette,Unfurnished,4,4,61.5,168978.0,2414.0,18.7,11.9,4.2,76.3,3,No,Yes,Student,Occupied,82.4,159179.0,168978.0
157,South C,Apartment,Unfurnished,2,1,77.1,146095.0,6671.0,7.1,20.4,8.2,83.5,1,No,Yes,Family,Occupied,80.1,125793.0,146095.0
158,Roysambu,Apartment,Unfurnished,6,6,79.5,147053.0,1079.0,9.7,23.4,7.1,95.7,3,Yes,Yes,Professional,Occupied,61.7,125668.0,147053.0
159,Kilimani,Maisonette,Unfurnished,6,5,87.7,319971.0,4826.0,16.7,13.6,7.9,63.3,4,Yes,No,Student,Occupied,65.0,306655.0,319971.0
160,Westlands,Townhouse,Semi-Furnished,5,5,101.8,354310.0,1623.0,6.8,0.0,6.7,97.2,2,No,No,Expat,Vacant,95.4,304706.0,354310.0
161,South B,Apartment,Unfurnished,3,2,87.9,187724.0,2178.0,13.5,13.8,8.9,84.0,2,No,No,Student,Occupied,80.8,175627.0,187724.0
162,South B,Maisonette,Semi-Furnished,1,1,88.1,127113.0,5207.0,4.7,17.6,6.5,97.4,1,Yes,Yes,Professional,Occupied,74.8,121972.0,127113.0
163,Donholm,Townhouse,Semi-Furnished,5,6,90.8,153845.0,2381.0,10.7,13.3,3.8,96.0,3,No,No,Student,Vacant,69.6,131067.0,153845.0
164,South C,Maisonette,Unfurnished,5,6,58.7,160835.0,9046.0,10.7,16.4,5.9,85.9,3,No,Yes,Family,Occupied,78.2,147714.0,160835.0
165,Runda,Townhouse,Unfurnished,5,5,60.1,434574.0,6598.0,10.2,14.1,7.6,91.3,3,No,Yes,Professional,Occupied,79.2,386822.0,434574.0
166,Kileleshwa,Maisonette,Furnished,3,4,62.5,193694.0,2469.0,23.8,4.6,7.2,96.4,2,No,No,Expat,Occupied,77.3,174039.0,193694.0
167,Roysambu,Apartment,Unfurnished,5,5,79.4,134991.0,3437.0,10.2,6.7,6.9,91.8,3,No,No,Family,Occupied,85.7,127113.0,134991.0
168,South C,Apartment,Unfurnished,6,5,56.9,177339.0,1858.0,10.0,10.1,5.8,91.4,4,No,Yes,Professional,Occupied,66.3,156877.0,177339.0
169,Lavington,Apartment,Furnished,4,4,74.7,295422.0,5603.0,9.4,18.4,7.0,91.8,3,Yes,Yes,Professional,Occupied,,284904.0,295422.0
170,Kasarani,Maisonette,Semi-Furnished,2,1,64.5,85206.0,12061.0,17.6,7.4,7.0,78.5,1,No,No,Expat,Vacant,85.4,80348.0,85206.0
171,Kileleshwa,Maisonette,Semi-Furnished,4,4,92.3,313438.0,1743.0,4.4,14.7,7.0,96.9,3,Yes,Yes,Expat,Occupied,96.1,267507.0,313438.0
172,Westlands,Apartment,Furnished,6,6,91.6,396339.0,4591.0,20.2,13.8,7.6,94.1,4,Yes,Yes,Professional,Occupied,83.4,337877.0,396339.0
173,Kileleshwa,Maisonette,Semi-Furnished,6,6,80.5,306930.0,5046.0,10.0,21.5,7.2,98.8,4,No,No,Expat,Vacant,88.0,278420.0,306930.0
174,Runda,Maisonette,Semi-Furnished,3,3,56.5,350082.0,1677.0,3.6,11.7,6.7,91.7,3,No,Yes,Expat,Vacant,74.3,331718.0,350082.0
175,Ruaka,Bedsitter,Semi-Furnished,3,3,81.4,187090.0,1986.0,10.9,1.5,5.8,86.0,1,No,No,Family,Occupied,77.7,171133.0,187090.0
176,Donholm,Apartment,Unfurnished,4,5,89.9,158625.0,1135.0,10.5,15.9,8.6,83.8,3,Yes,Yes,Professional,Occupied,77.5,136562.0,158625.0
177,Kileleshwa,Apartment,Unfurnished,6,6,97.2,365352.0,5959.0,2.7,24.8,9.4,97.8,4,No,Yes,Student,Occupied,74.4,351118.0,365352.0
178,Westlands,Apartment,Unfurnished,1,2,111.3,279262.0,3128.0,8.4,16.3,9.1,90.3,0,Yes,Yes,Family,Occupied,89.1,266172.0,279262.0
179,Runda,Apartment,Semi-Furnished,2,2,101.8,401792.0,2421.0,16.4,7.3,7.8,81.8,1,Yes,No,Professional,Occupied,86.2,345079.0,401792.0
180,Embakasi,Apartment,Unfurnished,5,4,87.5,151261.0,17069.0,10.7,5.5,5.0,95.7,3,No,Yes,Professional,Occupied,71.0,138478.0,151261.0
181,South B,Apartment,Unfurnished,2,2,80.7,203513.0,1140.0,2.0,6.3,4.8,56.5,2,Yes,No,Family,Occupied,58.5,195212.0,203513.0
182,Ruaka,Apartment,Unfurnished,2,1,73.9,164537.0,9892.0,8.0,24.0,6.3,88.8,2,No,No,Expat,Occupied,74.4,156570.0,164537.0
183,Donholm,Apartment,Semi-Furnished,4,5,105.3,119112.0,891.0,2.8,10.0,6.9,99.4,1,No,No,Student,Occupied,63.5,102473.0,119112.0
184,South B,Apartment,Unfurnished,5,6,87.5,178059.0,2795.0,5.2,8.0,6.9,93.4,4,No,Yes,Student,Occupied,75.2,161357.0,178059.0
185,Kasarani,Maisonette,Semi-Furnished,5,5,94.5,128370.0,1225.0,15.1,11.0,7.2,94.2,4,Yes,Yes,Professional,Occupied,64.2,121741.0,128370.0
186,Langata,Apartment,Semi-Furnished,1,2,76.1,129476.0,2266.0,7.1,10.1,5.3,92.8,0,Yes,Yes,Professional,Vacant,87.6,111224.0,129476.0
187,Ruaka,Townhouse,Unfurnished,3,3,66.4,205517.0,2756.0,12.0,21.4,8.9,79.0,3,No,Yes,Student,Vacant,81.8,177661.0,205517.0
188,Ruaka,Townhouse,Unfurnished,5,6,79.0,223206.0,2448.0,15.3,5.9,8.8,88.5,4,No,No,Professional,Occupied,81.6,215980.0,223206.0
189,Embakasi,Apartment,Furnished,4,3,80.5,115510.0,4794.0,20.0,19.1,5.4,97.5,2,No,No,Student,Occupied,85.7,103397.0,115510.0
190,Embakasi,Apartment,Unfurnished,3,4,87.9,106093.0,7438.0,17.7,12.7,4.8,90.3,2,Yes,Yes,Expat,Occupied,78.9,99464.0,106093.0
191,Roysambu,Apartment,Unfurnished,3,2,73.9,117152.0,3717.0,17.7,19.2,6.9,84.5,2,No,Yes,Student,Occupied,80.5,105545.0,117152.0
192,Umoja,Bedsitter,Semi-Furnished,4,4,85.4,95893.0,5046.0,13.6,21.5,8.5,99.1,2,Yes,No,Student,Occupied,89.3,89461.0,95893.0
193,Kileleshwa,Bedsitter,Unfurnished,2,2,102.7,230210.0,12000.0,19.6,12.5,7.0,96.1,1,No,No,Student,Occupied,73.7,213675.0,230210.0
194,Ruaka,Apartment,Semi-Furnished,5,5,59.9,204035.0,2469.0,4.7,10.1,7.3,87.0,4,No,Yes,Professional,Occupied,81.1,182129.0,204035.0
195,South B,Bedsitter,Unfurnished,2,1,53.2,104849.0,7576.0,9.8,12.4,6.5,74.1,1,Yes,Yes,Expat,Occupied,64.5,94388.0,104849.0
196,Westlands,Apartment,Unfurnished,2,2,103.7,323926.0,23574.0,5.8,11.4,7.2,97.6,2,No,Yes,Family,Vacant,75.8,297377.0,323926.0
197,Karen,Apartment,Furnished,3,3,63.0,374782.0,14327.0,1.4,2.1,8.1,85.9,2,No,No,Family,Occupied,97.6,358254.0,374782.0
198,Umoja,Bedsitter,Unfurnished,1,1,79.3,84703.0,12588.0,9.1,21.3,7.5,78.8,1,No,Yes,Student,Vacant,83.1,72062.0,84703.0
199,Karen,Apartment,Unfurnished,1,2,94.1,320403.0,6699.0,6.6,13.5,7.7,95.1,1,No,No,Professional,Occupied,74.1,303357.0,320403.0
200,Donholm,Bedsitter,Unfurnished,2,2,84.1,91423.0,9007.0,2.0,5.0,5.0,84.9,1,No,Yes,Family,Occupied,77.6,81267.0,91423.0
201,Runda,Apartment,Unfurnished,3,4,83.9,423838.0,2868.0,12.4,0.0,9.6,94.1,2,No,No,Family,Occupied,74.8,406594.0,423838.0
202,South B,Townhouse,Unfurnished,3,4,86.1,150144.0,3801.0,10.6,0.0,5.0,92.4,2,Yes,Yes,Student,Occupied,77.3,132490.0,150144.0
203,South B,Apartment,Unfurnished,1,1,122.8,154317.0,3504.0,10.7,16.6,7.2,89.6,1,Yes,Yes,Student,Occupied,71.0,147781.0,154317.0
204,Umoja,Apartment,Unfurnished,3,3,111.7,120965.0,,5.0,8.3,6.8,80.5,1,Yes,Yes,Professional,Occupied,79.9,113643.0,120965.0
205,Ruaka,Bedsitter,Unfurnished,3,2,74.6,184350.0,4459.0,3.7,9.3,6.9,68.7,2,Yes,No,Family,Occupied,80.3,163569.0,184350.0
206,Kasarani,Apartment,Semi-Furnished,4,3,100.8,213042.0,2787.0,15.0,14.9,8.0,94.5,3,No,Yes,Student,Vacant,75.1,198651.0,213042.0
207,Umoja,Townhouse,Unfurnished,3,3,92.6,133553.0,4203.0,7.1,8.9,6.2,96.7,1,No,No,Expat,Occupied,76.4,120326.0,133553.0
208,Karen,Maisonette,Semi-Furnished,2,3,84.7,307988.0,1531.0,12.8,15.3,6.5,81.0,2,No,Yes,Expat,Vacant,78.4,293692.0,307988.0
209,Umoja,Bedsitter,Unfurnished,5,4,71.4,102800.0,2770.0,12.2,12.6,5.6,85.8,3,Yes,Yes,Expat,Occupied,69.7,96948.0,102800.0
210,South B,Maisonette,Unfurnished,4,3,91.8,171054.0,10107.0,6.8,11.5,8.3,88.7,2,No,Yes,Student,Occupied,79.9,150039.0,171054.0
211,Kasarani,Townhouse,Unfurnished,2,2,80.4,104439.0,4612.0,5.8,2.6,7.3,84.1,1,No,No,Professional,Occupied,82.8,100881.0,104439.0
212,Kileleshwa,Townhouse,Unfurnished,4,4,79.3,263500.0,10242.0,7.7,7.1,7.8,94.0,3,Yes,Yes,Expat,Occupied,89.6,251727.0,263500.0
213,Lavington,Maisonette,Unfurnished,2,2,73.5,221534.0,2634.0,18.9,15.6,8.0,88.6,2,No,Yes,Expat,Occupied,78.2,208553.0,221534.0
214,Roysambu,Maisonette,Semi-Furnished,6,6,100.0,159241.0,3382.0,2.1,7.9,9.4,77.7,4,No,No,Expat,Occupied,69.4,154150.0,159241.0
215,Kilimani,Apartment,Unfurnished,4,3,73.5,283256.0,4677.0,9.8,19.2,9.2,95.1,3,No,Yes,Student,Occupied,74.0,271238.0,283256.0
216,Embakasi,Apartment,Semi-Furnished,2,1,73.6,100360.0,3511.0,4.2,26.1,7.4,84.9,1,No,Yes,Student,Occupied,63.6,93601.0,100360.0
217,Umoja,Bedsitter,Furnished,3,2,96.7,99106.0,1516.0,6.3,15.9,7.2,93.4,2,No,Yes,Student,Occupied,82.3,94935.0,99106.0
218,Donholm,Apartment,Semi-Furnished,2,3,82.8,99161.0,5984.0,18.5,21.0,6.4,81.6,1,No,Yes,Expat,Occupied,54.4,85490.0,99161.0
219,Langata,Apartment,Unfurnished,4,3,83.2,206736.0,2018.0,9.5,16.3,7.9,79.1,3,Yes,No,Student,Occupied,85.2,198802.0,206736.0
220,Runda,Apartment,Unfurnished,3,2,100.5,443033.0,3995.0,16.8,8.8,7.8,92.2,2,No,Yes,Student,Occupied,86.5,382206.0,443033.0
221,Lavington,Apartment,Unfurnished,3,3,104.7,304654.0,906.0,12.5,13.2,6.1,89.8,3,No,Yes,Professional,Vacant,45.7,264129.0,304654.0
222,Roysambu,Maisonette,Semi-Furnished,2,1,53.1,78416.0,2555.0,14.4,24.1,7.9,95.8,1,No,No,Student,Occupied,87.8,75031.0,78416.0
223,Roysambu,Townhouse,Semi-Furnished,5,4,83.1,126961.0,3684.0,11.8,8.9,8.2,87.9,3,Yes,Yes,Family,Occupied,85.3,122813.0,126961.0
224,Roysambu,Apartment,Furnished,1,1,63.8,68847.0,5961.0,14.2,5.8,5.7,97.7,1,No,No,Student,Occupied,72.1,66358.0,68847.0
225,Roysambu,Apartment,Semi-Furnished,1,1,79.2,91090.0,1695.0,13.1,5.2,7.2,88.0,2,No,Yes,Student,Occupied,63.1,81436.0,91090.0
226,Karen,Maisonette,Unfurnished,3,2,84.9,331023.0,2156.0,25.2,10.7,6.9,86.5,2,Yes,No,Family,Occupied,66.6,292798.0,331023.0
227,Donholm,Apartment,Furnished,3,2,79.7,127740.0,13836.0,6.5,6.0,7.0,90.2,1,No,No,Family,Occupied,67.4,113739.0,127740.0
228,Donholm,Maisonette,Semi-Furnished,2,3,69.6,89172.0,15925.0,2.2,22.0,5.9,95.4,1,No,No,Student,Occupied,88.2,80247.0,89172.0
229,Kasarani,Apartment,Semi-Furnished,5,6,68.9,103819.0,5769.0,14.9,13.3,4.8,79.4,3,No,No,Professional,Occupied,70.5,98295.0,103819.0
230,Embakasi,Apartment,Furnished,2,3,95.9,135312.0,9855.0,6.3,17.8,6.1,95.5,2,Yes,No,Expat,Occupied,84.1,117037.0,135312.0
231,South B,Townhouse,Semi-Furnished,2,3,108.0,197335.0,3052.0,7.1,10.2,5.9,76.8,2,Yes,No,Family,Occupied,73.8,182864.0,197335.0
232,Roysambu,Apartment,Furnished,4,4,54.1,126872.0,6357.0,3.2,5.2,7.4,90.4,3,No,Yes,Professional,Occupied,75.6,107708.0,126872.0
233,Langata,Bedsitter,Unfurnished,6,6,80.1,211559.0,6137.0,20.3,4.1,7.4,68.4,3,No,Yes,Student,Occupied,59.3,194496.0,211559.0
234,South B,Maisonette,Unfurnished,2,1,96.0,135532.0,2082.0,21.7,6.6,7.4,83.5,2,Yes,No,Student,Occupied,63.5,126731.0,135532.0
235,Donholm,Apartment,Unfurnished,3,4,84.5,96066.0,4617.0,7.5,14.1,5.3,95.2,1,Yes,No,Family,Occupied,87.9,82521.0,96066.0
236,Westlands,Bedsitter,Unfurnished,2,2,68.3,212323.0,3272.0,10.1,15.1,5.7,86.5,1,Yes,Yes,Family,Occupied,,190405.0,212323.0
237,Westlands,Townhouse,Semi-Furnished,5,6,77.8,321234.0,5206.0,5.4,15.6,6.3,84.5,3,No,Yes,Professional,Occupied,78.0,282210.0,321234.0
238,Langata,Apartment,Unfurnished,3,4,89.5,152336.0,2767.0,31.2,3.1,7.0,89.7,2,No,No,Student,Occupied,93.1,139597.0,152336.0
239,Kasarani,Maisonette,Unfurnished,6,6,80.4,131080.0,1453.0,3.5,12.0,6.6,91.5,4,No,Yes,Family,Occupied,73.7,112705.0,131080.0
240,Donholm,Bedsitter,Semi-Furnished,3,3,84.3,101913.0,4073.0,11.7,5.8,7.4,78.5,2,No,Yes,Family,Occupied,73.2,87280.0,101913.0
241,Langata,Bedsitter,Unfurnished,5,5,84.7,234875.0,7197.0,8.7,14.4,8.2,95.8,4,No,No,Expat,Occupied,87.1,214396.0,234875.0
242,Karen,Bedsitter,Furnished,3,3,77.1,329563.0,7198.0,8.4,14.9,5.8,90.6,2,No,Yes,Family,Vacant,75.1,309127.0,329563.0
243,Umoja,Apartment,Semi-Furnished,4,4,97.2,108516.0,1161.0,11.2,5.0,5.8,38.0,3,Yes,Yes,Professional,Occupied,78.2,96275.0,108516.0
244,Langata,Townhouse,Furnished,2,2,77.8,147639.0,4572.0,3.3,17.8,7.2,90.4,1,No,No,Student,Occupied,85.0,125844.0,147639.0
245,Kileleshwa,Townhouse,Unfurnished,2,1,69.9,167602.0,6516.0,26.5,26.0,6.9,90.6,2,No,Yes,Family,Occupied,75.0,149196.0,167602.0
246,South B,Bedsitter,Unfurnished,5,6,118.4,203032.0,4429.0,13.4,17.0,7.9,97.5,3,No,No,Expat,Vacant,82.9,173068.0,203032.0
247,Lavington,Maisonette,Unfurnished,4,5,83.8,314622.0,7371.0,11.3,11.0,7.0,79.3,2,No,No,Family,Occupied,73.8,290893.0,314622.0
248,South C,Bedsitter,Semi-Furnished,4,4,46.0,168244.0,1499.0,13.1,10.1,9.1,81.1,2,Yes,No,Family,Vacant,84.8,144136.0,168244.0
249,Kasarani,Apartment,Semi-Furnished,2,2,103.8,102172.0,1805.0,8.4,10.7,5.1,93.3,2,Yes,No,Student,Occupied,79.2,97596.0,102172.0
250,Langata,Bedsitter,Furnished,6,5,103.8,233604.0,6079.0,18.3,7.4,8.0,78.7,3,No,Yes,Expat,Vacant,72.7,215537.0,233604.0
251,Donholm,Bedsitter,Semi-Furnished,3,2,91.9,98070.0,3153.0,21.8,13.5,7.2,93.9,2,Yes,No,Professional,Occupied,75.7,88818.0,98070.0
252,Runda,Bedsitter,Unfurnished,2,2,94.5,394827.0,9146.0,4.7,5.2,,93.4,2,Yes,No,Professional,Occupied,50.6,350035.0,394827.0
253,Westlands,Maisonette,Semi-Furnished,1,1,117.4,252576.0,4988.0,10.8,0.7,4.5,90.5,1,No,Yes,Student,Vacant,86.9,235147.0,252576.0
254,Kileleshwa,Apartment,Unfurnished,5,4,70.6,259038.0,2150.0,11.4,13.3,5.6,95.4,3,No,Yes,Professional,Vacant,62.5,221659.0,259038.0
255,Embakasi,Apartment,Unfurnished,2,2,87.0,124356.0,2075.0,4.3,12.1,8.5,94.7,3,Yes,No,Professional,Occupied,64.3,106695.0,124356.0
256,Roysambu,Apartment,Semi-Furnished,5,5,114.5,148248.0,1082.0,8.4,8.6,8.3,85.8,2,Yes,No,Family,Vacant,70.6,128923.0,148248.0
257,South C,Apartment,Unfurnished,5,5,117.7,207494.0,6511.0,25.7,4.3,6.8,97.6,4,Yes,No,Professional,Occupied,57.1,198150.0,207494.0
258,Ruaka,Maisonette,Furnished,2,2,79.5,162238.0,3708.0,16.2,13.7,6.6,90.5,1,No,No,Expat,Occupied,79.7,155737.0,162238.0
259,Kasarani,Bedsitter,Furnished,2,3,115.2,122189.0,7642.0,9.1,6.1,6.0,86.2,2,No,No,Family,Vacant,78.6,110606.0,122189.0
260,Lavington,Bedsitter,Furnished,2,3,97.0,271341.0,4819.0,16.9,11.2,6.8,87.4,1,Yes,No,Professional,Occupied,70.1,237020.0,271341.0
261,South C,Apartment,Unfurnished,3,3,107.4,183395.0,4360.0,15.3,22.6,6.4,79.4,2,No,Yes,Expat,Occupied,68.2,174914.0,183395.0
262,Langata,Bedsitter,Semi-Furnished,5,4,96.5,213215.0,7121.0,15.2,15.9,9.1,97.2,2,Yes,Yes,Family,Occupied,68.1,189320.0,213215.0
263,Karen,Apartment,Unfurnished,3,3,89.6,364381.0,3757.0,2.7,3.8,5.5,98.6,1,Yes,No,Expat,Occupied,81.1,328515.0,364381.0
264,Westlands,Apartment,Unfurnished,2,3,118.1,297635.0,3189.0,12.2,4.4,7.5,94.8,2,No,Yes,Student,Occupied,59.1,261336.0,297635.0
265,Donholm,Maisonette,Semi-Furnished,2,1,77.1,94127.0,4024.0,6.4,12.9,9.1,73.5,1,Yes,No,Student,Vacant,70.9,85936.0,94127.0
266,Westlands,Maisonette,Unfurnished,6,6,113.5,430124.0,7253.0,10.0,3.7,7.9,92.5,3,No,No,Professional,Occupied,59.7,379300.0,430124.0
267,Embakasi,Apartment,Unfurnished,2,2,115.9,112728.0,2081.0,13.5,0.0,5.7,85.6,1,No,No,Expat,Occupied,82.7,106959.0,112728.0
268,Karen,Apartment,Furnished,3,4,105.4,459829.0,7687.0,4.9,15.2,5.1,86.2,1,Yes,No,Family,Vacant,71.6,432907.0,459829.0
269,Roysambu,Apartment,Semi-Furnished,3,4,83.9,121111.0,4206.0,5.4,13.9,7.3,95.0,1,No,No,Expat,Vacant,80.5,103913.0,121111.0
270,Donholm,Apartment,Unfurnished,2,3,88.7,91059.0,3075.0,11.8,14.7,7.2,97.2,1,No,Yes,Expat,Occupied,87.5,84360.0,91059.0
271,South B,Bedsitter,Semi-Furnished,1,1,65.9,107256.0,4575.0,3.8,13.6,8.5,94.2,0,No,No,Student,Occupied,87.7,91062.0,107256.0
272,Kilimani,Apartment,Unfurnished,4,5,78.2,254449.0,9168.0,13.1,11.6,7.7,88.2,2,No,Yes,Student,Occupied,64.8,245387.0,254449.0
273,Kileleshwa,Apartment,Semi-Furnished,5,4,94.3,287206.0,9120.0,22.3,8.0,6.4,90.9,4,No,Yes,Professional,Occupied,78.1,260061.0,287206.0
274,Westlands,Apartment,Semi-Furnished,4,4,63.6,260431.0,5295.0,16.1,15.1,6.3,90.1,3,Yes,Yes,Expat,Vacant,86.2,241419.0,260431.0
275,Runda,Apartment,Furnished,5,5,80.5,466306.0,6237.0,21.1,21.2,5.4,95.5,4,No,No,Expat,Occupied,82.0,395378.0,466306.0
276,Westlands,Apartment,Semi-Furnished,4,5,114.2,350767.0,4148.0,7.6,9.0,7.2,90.6,3,Yes,Yes,Family,Vacant,83.0,297637.0,350767.0
277,South C,Apartment,Unfurnished,1,1,82.7,125814.0,2672.0,12.1,5.9,5.3,97.7,2,Yes,Yes,Family,Occupied,57.2,118103.0,125814.0
278,Westlands,Apartment,Semi-Furnished,6,6,100.5,377577.0,5494.0,16.3,5.2,8.1,94.2,3,No,Yes,Student,Occupied,81.8,352846.0,377577.0
279,Kasarani,Apartment,Unfurnished,3,2,93.5,150667.0,2939.0,3.4,6.8,7.7,97.2,2,Yes,Yes,Expat,Occupied,67.1,131880.0,150667.0
280,Westlands,Maisonette,Unfurnished,5,4,80.4,324432.0,1961.0,5.1,13.2,7.7,90.4,3,Yes,Yes,Professional,Occupied,81.6,278853.0,324432.0
281,Kilimani,Apartment,Unfurnished,2,3,82.7,270752.0,2994.0,11.3,0.0,5.4,92.5,1,No,Yes,Student,Occupied,81.4,239698.0,270752.0
282,Kilimani,Townhouse,Unfurnished,4,5,87.5,266455.0,1275.0,7.6,14.6,6.8,94.8,3,No,No,Expat,Occupied,80.9,229761.0,266455.0
283,Roysambu,Apartment,Semi-Furnished,1,1,54.2,71122.0,1691.0,3.3,15.9,6.5,96.0,1,Yes,Yes,Student,Vacant,73.9,68420.0,71122.0
284,Lavington,Maisonette,Semi-Furnished,2,1,99.2,287695.0,16654.0,6.1,1.2,7.1,93.4,1,Yes,Yes,Professional,Occupied,88.2,255484.0,287695.0
285,South B,Bedsitter,Unfurnished,5,6,83.2,184448.0,8850.0,7.1,6.1,7.6,94.6,3,Yes,Yes,Expat,Occupied,80.1,162506.0,184448.0
286,Runda,Maisonette,Semi-Furnished,4,3,99.7,479151.0,3401.0,13.9,12.5,6.4,89.0,2,Yes,No,Professional,Occupied,78.2,452649.0,479151.0
287,Westlands,Maisonette,Unfurnished,1,2,90.8,226778.0,5799.0,18.3,11.1,6.4,82.4,1,No,No,Expat,Vacant,65.7,197767.0,226778.0
288,Westlands,Apartment,Furnished,4,3,82.6,306534.0,2069.0,5.5,15.1,7.8,86.9,3,No,No,Expat,Occupied,79.0,261628.0,306534.0
289,Kileleshwa,Apartment,Unfurnished,2,3,88.0,217893.0,6394.0,6.8,11.2,5.6,85.8,1,No,No,Professional,Occupied,94.8,187082.0,217893.0
290,Donholm,Apartment,Unfurnished,1,1,88.0,83825.0,4831.0,1.6,19.6,6.1,99.5,1,No,Yes,Family,Occupied,61.1,78580.0,83825.0
291,Kilimani,Bedsitter,Unfurnished,5,6,107.1,337513.0,2457.0,16.8,10.1,7.0,91.5,3,No,Yes,Professional,Vacant,82.3,312918.0,337513.0
292,Runda,Apartment,Unfurnished,3,2,85.9,435277.0,3209.0,6.8,6.1,8.1,90.2,2,No,Yes,Professional,Occupied,83.6,393936.0,435277.0
293,Roysambu,Apartment,Unfurnished,4,4,89.3,123285.0,3057.0,5.3,5.6,5.8,84.3,2,No,No,Student,Vacant,92.3,116996.0,123285.0
294,Embakasi,Bedsitter,Unfurnished,3,3,66.1,106845.0,,4.3,16.4,9.1,83.2,1,No,Yes,Professional,Occupied,82.3,91080.0,106845.0
295,Lavington,Bedsitter,Unfurnished,4,3,84.3,263113.0,3801.0,37.3,12.2,5.4,79.7,2,No,No,Professional,Occupied,75.1,249576.0,263113.0
296,South B,Maisonette,Furnished,3,3,106.8,271801.0,1333.0,18.5,15.8,8.9,94.5,2,No,Yes,Student,Occupied,79.2,237544.0,271801.0
297,Karen,Bedsitter,Semi-Furnished,5,4,91.4,459749.0,2939.0,5.9,15.7,8.4,93.9,3,No,Yes,Family,Occupied,72.3,425215.0,459749.0
298,South B,Townhouse,Semi-Furnished,3,2,68.8,116965.0,2327.0,19.8,0.0,5.3,99.6,2,No,Yes,Professional,Vacant,87.2,104802.0,116965.0
299,Kasarani,Apartment,Unfurnished,6,6,70.4,114620.0,1430.0,10.3,5.2,5.0,96.8,4,Yes,No,Student,Occupied,59.5,110522.0,114620.0
300,South C,Apartment,Semi-Furnished,4,3,73.9,159934.0,2362.0,12.1,5.9,7.9,88.8,3,No,Yes,Family,Occupied,70.1,150774.0,159934.0
301,Kasarani,Apartment,Unfurnished,3,4,100.0,117422.0,888.0,8.6,7.1,6.5,90.0,2,No,No,Family,Vacant,79.5,107073.0,117422.0
302,Westlands,Apartment,Unfurnished,4,3,98.1,311934.0,2097.0,10.4,9.5,5.8,89.2,3,No,Yes,Professional,Occupied,86.7,275663.0,311934.0
303,Ruaka,Maisonette,Unfurnished,1,1,33.2,105507.0,4616.0,1.4,18.0,9.2,89.3,2,No,Yes,Family,Occupied,74.9,92015.0,105507.0
304,Lavington,Apartment,Unfurnished,3,3,83.8,285278.0,5528.0,6.1,19.2,5.6,97.8,2,No,Yes,Professional,Occupied,67.2,275758.0,285278.0
305,South C,Maisonette,Semi-Furnished,2,3,87.2,150761.0,5724.0,4.8,10.2,6.1,82.7,2,Yes,Yes,Family,Occupied,72.9,143190.0,150761.0
306,Runda,Apartment,Unfurnished,4,3,70.6,429986.0,7865.0,2.3,10.5,6.3,92.5,3,No,Yes,Family,Occupied,71.3,377357.0,429986.0
307,Karen,Bedsitter,Unfurnished,3,2,79.1,337484.0,9240.0,4.3,7.8,3.6,90.2,2,Yes,Yes,Family,Vacant,71.8,292966.0,337484.0
308,Kilimani,Bedsitter,Semi-Furnished,6,5,105.0,337064.0,1964.0,7.9,12.5,7.1,85.8,4,No,Yes,Professional,Occupied,70.6,316348.0,337064.0
309,Lavington,Apartment,Semi-Furnished,5,4,91.1,342169.0,1535.0,21.7,13.2,5.9,72.4,2,Yes,No,Family,Occupied,70.7,321452.0,342169.0
310,Lavington,Apartment,Unfurnished,2,1,77.5,239267.0,4146.0,11.1,16.8,8.0,86.3,1,Yes,Yes,Expat,Occupied,57.8,229358.0,239267.0
311,Kasarani,Apartment,Unfurnished,3,2,82.2,102780.0,5900.0,11.5,16.8,8.1,95.6,2,Yes,Yes,Student,Occupied,,97649.0,102780.0
312,Ruaka,Apartment,Furnished,2,3,81.6,219142.0,2242.0,7.9,0.0,7.3,68.2,2,No,No,Student,Occupied,81.7,212511.0,219142.0
313,Westlands,Apartment,Unfurnished,4,5,89.2,299897.0,4843.0,17.2,11.1,7.3,91.4,3,Yes,No,Expat,Occupied,90.0,268130.0,299897.0
314,Langata,Apartment,Unfurnished,3,2,63.6,148019.0,14411.0,6.1,20.3,7.2,91.1,2,Yes,Yes,Family,Occupied,83.6,126991.0,148019.0
315,Roysambu,Apartment,Semi-Furnished,2,1,75.0,92169.0,1579.0,19.7,9.4,6.2,79.2,2,Yes,No,Expat,Occupied,83.1,87577.0,92169.0
316,Kasarani,Bedsitter,Unfurnished,3,3,100.5,111622.0,4041.0,7.1,18.8,6.3,97.1,2,Yes,No,Professional,Occupied,78.0,97681.0,111622.0
317,Lavington,Bedsitter,Unfurnished,2,3,83.9,268734.0,8326.0,8.5,10.2,8.6,87.7,2,Yes,Yes,Student,Occupied,57.4,240791.0,268734.0
318,Umoja,Bedsitter,Unfurnished,5,6,72.3,110235.0,3504.0,2.9,13.0,7.9,84.9,2,Yes,Yes,Family,Occupied,77.8,94138.0,110235.0
319,Kileleshwa,Apartment,Unfurnished,3,2,72.9,243505.0,5372.0,9.3,5.2,7.2,92.0,3,No,Yes,Student,Occupied,76.1,211795.0,243505.0
320,Karen,Bedsitter,Furnished,3,4,95.8,348092.0,7609.0,27.7,5.4,7.7,85.0,3,No,Yes,Expat,Occupied,85.3,300621.0,348092.0
321,Roysambu,Apartment,Semi-Furnished,4,5,77.2,111203.0,3258.0,19.2,16.4,6.9,73.1,2,No,No,Expat,Occupied,80.7,98771.0,111203.0
322,Kasarani,Apartment,Semi-Furnished,6,6,92.7,125623.0,1914.0,24.0,17.3,7.2,98.3,4,No,Yes,Student,Occupied,73.7,109076.0,125623.0
323,Karen,Maisonette,Semi-Furnished,2,2,75.6,310192.0,3750.0,4.5,12.2,7.7,95.7,1,No,Yes,Student,Occupied,94.6,286517.0,310192.0
324,Kileleshwa,Apartment,Semi-Furnished,1,2,68.1,172330.0,1870.0,6.1,4.6,4.5,99.2,1,No,No,Student,Occupied,83.5,162368.0,172330.0
325,Embakasi,Bedsitter,Unfurnished,3,4,88.7,112281.0,2737.0,8.9,12.3,8.1,97.3,2,Yes,No,Student,Vacant,78.4,96223.0,112281.0
326,Kileleshwa,Bedsitter,Unfurnished,4,5,83.5,244992.0,5483.0,23.5,19.5,8.0,93.0,2,No,No,Expat,Occupied,79.6,214877.0,244992.0
327,Ruaka,Apartment,Unfurnished,5,4,95.3,252835.0,4568.0,2.4,22.5,6.1,94.0,3,Yes,No,Family,Occupied,75.6,242271.0,252835.0
328,Kileleshwa,Apartment,Unfurnished,3,3,98.3,294559.0,8091.0,4.6,10.1,8.5,94.6,2,No,No,Student,Occupied,75.2,253922.0,294559.0
329,Karen,Apartment,Unfurnished,3,2,79.6,334984.0,4733.0,6.3,2.0,4.3,79.4,1,No,No,Family,Vacant,53.3,309501.0,334984.0
330,South B,Maisonette,Semi-Furnished,3,3,90.2,164302.0,2331.0,5.2,17.0,7.4,78.9,1,Yes,Yes,Student,Occupied,65.8,152876.0,164302.0
331,Karen,Apartment,Semi-Furnished,4,4,79.2,391901.0,2003.0,3.5,10.3,7.0,75.6,2,No,Yes,Professional,Vacant,69.6,348822.0,391901.0
332,Langata,Apartment,Unfurnished,2,2,94.5,177400.0,6245.0,4.4,17.7,6.6,90.5,2,No,Yes,Family,Occupied,79.5,159062.0,177400.0
333,Westlands,Apartment,Unfurnished,2,3,88.5,257198.0,4761.0,9.6,13.7,7.0,62.4,1,Yes,Yes,Professional,Occupied,58.5,231556.0,257198.0
334,South C,Bedsitter,Semi-Furnished,5,5,75.6,190546.0,3518.0,5.7,6.7,7.7,87.4,3,No,Yes,Expat,Vacant,69.8,178375.0,190546.0
335,South B,Apartment,Unfurnished,2,1,74.4,208400.0,5101.0,17.4,12.3,4.8,88.5,3,No,No,Professional,Occupied,68.5,177518.0,208400.0
336,Kilimani,Apartment,Furnished,3,3,89.0,378108.0,2458.0,10.3,19.9,8.2,87.8,2,Yes,Yes,Expat,Occupied,76.2,322475.0,378108.0
337,South C,Bedsitter,Unfurnished,2,1,102.4,166330.0,726.0,1.4,11.1,6.5,87.4,2,Yes,Yes,Student,Occupied,79.5,161387.0,166330.0
338,Westlands,Townhouse,Unfurnished,2,2,98.5,276479.0,8349.0,4.8,5.8,8.2,93.6,2,No,No,Expat,Occupied,68.5,255839.0,276479.0
339,Kasarani,Apartment,Unfurnished,2,2,70.9,94707.0,6338.0,3.6,2.5,7.8,86.0,1,No,No,Student,Occupied,69.3,91342.0,94707.0
340,Roysambu,Apartment,Unfurnished,2,3,72.4,110051.0,3786.0,2.0,7.4,6.5,80.1,1,Yes,No,Student,Occupied,68.2,95073.0,110051.0
341,Langata,Apartment,Unfurnished,4,3,74.6,212056.0,2145.0,2.6,9.5,6.9,98.6,3,No,No,Student,Occupied,71.1,182339.0,212056.0
342,Langata,Bedsitter,Unfurnished,3,3,76.1,156171.0,3465.0,7.9,16.9,7.0,89.0,3,Yes,No,Expat,Occupied,74.5,140981.0,156171.0
343,Kilimani,Apartment,Unfurnished,6,6,57.8,5000000.0,1199.0,18.6,5.3,8.9,99.3,4,No,No,Student,Occupied,88.2,232640.0,268920.0
344,South B,Apartment,Unfurnished,6,5,96.9,199541.0,4360.0,7.3,21.3,5.6,82.5,3,No,No,Professional,Occupied,64.9,175729.0,199541.0
345,Ruaka,Maisonette,Unfurnished,3,3,78.2,175442.0,1038.0,16.9,4.0,6.5,89.5,2,No,No,Professional,Occupied,92.5,158781.0,175442.0
346,Donholm,Maisonette,Furnished,3,4,91.9,99765.0,4336.0,5.6,26.0,5.1,91.0,2,No,No,Student,Occupied,62.7,91986.0,99765.0
347,Embakasi,Apartment,Semi-Furnished,5,4,80.3,134074.0,2456.0,8.9,22.4,7.1,99.6,2,Yes,No,Student,Occupied,84.5,125311.0,134074.0
348,Kileleshwa,Maisonette,Unfurnished,1,2,84.7,194852.0,3629.0,16.6,12.8,6.3,94.4,1,Yes,Yes,Family,Occupied,70.2,182289.0,194852.0
349,South B,Bedsitter,Semi-Furnished,3,2,74.7,137172.0,1813.0,4.5,2.1,6.4,93.7,2,No,Yes,Expat,Occupied,65.9,123100.0,137172.0
350,Roysambu,Apartment,Semi-Furnished,4,3,84.6,131113.0,11565.0,9.4,11.7,8.8,82.8,3,Yes,No,Family,Occupied,88.2,124276.0,131113.0
351,Embakasi,Apartment,Unfurnished,4,3,71.9,115876.0,5179.0,24.0,9.7,6.0,93.0,2,No,No,Professional,Occupied,75.8,109708.0,115876.0
352,Langata,Townhouse,Unfurnished,3,3,84.7,209303.0,2485.0,10.9,4.4,6.8,92.4,2,No,No,Expat,Occupied,75.4,202900.0,209303.0
353,Karen,Apartment,Unfurnished,3,2,106.9,370456.0,3549.0,32.3,13.7,6.4,83.6,2,Yes,Yes,Professional,Occupied,72.2,330175.0,370456.0
354,Roysambu,Apartment,Semi-Furnished,4,3,92.8,131760.0,12385.0,8.7,7.1,6.5,67.7,2,No,Yes,Expat,Occupied,69.2,111741.0,131760.0
355,Westlands,Apartment,Furnished,2,1,89.4,270878.0,2070.0,10.4,7.7,10.0,91.7,1,Yes,Yes,Expat,Occupied,73.2,232837.0,270878.0
356,Kilimani,Bedsitter,Furnished,2,3,65.2,195360.0,1847.0,11.1,10.8,4.9,77.0,2,No,No,Expat,Occupied,42.7,171994.0,195360.0
357,Westlands,Apartment,Semi-Furnished,4,3,93.5,332460.0,1793.0,3.3,8.6,7.8,73.2,2,Yes,No,Professional,Occupied,56.5,289643.0,332460.0
358,Donholm,Apartment,Furnished,2,2,95.0,117386.0,2498.0,8.2,24.5,9.9,97.6,2,Yes,Yes,Student,Vacant,78.9,107444.0,117386.0
359,Roysambu,Apartment,Furnished,6,5,89.0,153508.0,11459.0,4.3,8.8,8.3,95.6,4,No,No,Professional,Occupied,86.8,142836.0,153508.0
360,Runda,Apartment,Unfurnished,3,2,88.2,446998.0,2719.0,9.3,14.6,7.1,57.2,2,No,Yes,Expat,Occupied,88.6,411868.0,446998.0
361,Runda,Bedsitter,Unfurnished,6,6,82.9,538662.0,3005.0,3.4,12.9,5.6,83.2,4,No,Yes,Professional,Occupied,65.4,516844.0,538662.0
362,Kasarani,Bedsitter,Semi-Furnished,6,6,94.7,138730.0,4634.0,4.0,14.1,8.6,96.7,3,No,Yes,Professional,Vacant,76.9,123308.0,138730.0
363,South B,Apartment,Furnished,1,1,106.0,137321.0,3937.0,11.0,14.6,8.1,75.8,1,No,No,Family,Occupied,53.1,130010.0,137321.0
364,Langata,Apartment,Unfurnished,3,3,90.0,164844.0,7932.0,13.9,17.3,5.2,71.0,2,No,No,Expat,Occupied,71.5,144040.0,164844.0
365,Langata,Bedsitter,Furnished,2,1,70.4,152390.0,7150.0,11.4,13.6,6.6,90.2,2,Yes,Yes,Professional,Occupied,83.2,143968.0,152390.0
366,Kileleshwa,Apartment,Unfurnished,2,1,71.6,185138.0,5060.0,11.3,13.3,5.6,84.7,2,Yes,Yes,Expat,Occupied,74.8,173966.0,185138.0
367,Kileleshwa,Apartment,Semi-Furnished,6,6,95.9,310256.0,3426.0,15.1,12.4,3.6,88.1,4,Yes,No,Professional,Occupied,71.7,264364.0,310256.0
368,Kileleshwa,Townhouse,Semi-Furnished,3,3,70.5,223548.0,7878.0,9.3,11.2,5.5,77.9,2,Yes,Yes,Family,Vacant,,213756.0,223548.0
369,Karen,Bedsitter,Semi-Furnished,2,3,88.0,339218.0,2319.0,4.5,6.5,7.1,95.8,2,Yes,No,Professional,Occupied,87.8,307032.0,339218.0
370,South C,Apartment,Furnished,3,3,79.8,147730.0,2217.0,24.5,11.6,7.7,94.1,2,Yes,No,Student,Occupied,72.6,142130.0,147730.0
371,Lavington,Apartment,Unfurnished,2,1,68.9,236451.0,3024.0,6.0,13.4,6.6,82.9,1,No,Yes,Expat,Vacant,75.7,226582.0,236451.0
372,South C,Apartment,Unfurnished,5,4,97.5,214428.0,9075.0,5.0,14.4,8.6,82.7,3,Yes,Yes,Family,Occupied,90.2,190599.0,214428.0
373,Westlands,Apartment,Unfurnished,3,2,95.6,301058.0,,3.3,13.1,8.2,82.9,2,No,Yes,Professional,Occupied,,267700.0,301058.0
374,South C,Apartment,Furnished,3,4,64.7,136863.0,2643.0,13.8,10.6,6.8,86.7,2,No,Yes,Family,Occupied,58.6,129242.0,136863.0
375,Karen,Apartment,Unfurnished,2,2,92.2,341383.0,4545.0,5.7,11.7,6.7,80.2,1,No,No,Professional,Occupied,88.7,294074.0,341383.0
376,Kasarani,Apartment,Unfurnished,3,2,90.0,108565.0,3867.0,22.6,8.7,7.5,75.4,2,Yes,Yes,Expat,Occupied,85.2,95625.0,108565.0
377,Westlands,Townhouse,Unfurnished,4,5,97.6,345710.0,3085.0,6.3,13.9,7.0,77.5,2,No,No,Professional,Occupied,52.8,321564.0,345710.0
378,South C,Maisonette,Semi-Furnished,5,6,87.5,196752.0,5580.0,3.5,10.7,5.3,93.4,3,No,No,Family,Occupied,73.7,184352.0,196752.0
379,Karen,Apartment,Semi-Furnished,3,2,106.4,416746.0,2889.0,7.6,13.1,6.6,92.0,2,No,No,Student,Occupied,74.8,364562.0,416746.0
380,Lavington,Apartment,Unfurnished,2,3,83.1,261428.0,8427.0,9.9,18.0,7.8,89.1,1,Yes,Yes,Family,Occupied,88.7,229314.0,261428.0
381,South C,Maisonette,Unfurnished,4,5,80.9,179721.0,4751.0,6.6,7.7,8.6,95.4,2,Yes,No,Student,Occupied,74.9,170785.0,179721.0
382,Karen,Apartment,Semi-Furnished,6,5,70.4,455310.0,8197.0,8.4,15.6,8.2,93.2,4,Yes,No,Student,Occupied,76.7,420657.0,455310.0
383,Donholm,Apartment,Semi-Furnished,3,4,71.0,86262.0,2314.0,15.4,12.2,7.4,90.2,2,Yes,Yes,Expat,Occupied,77.0,81188.0,86262.0
384,Kileleshwa,Townhouse,Semi-Furnished,1,1,69.6,176845.0,3627.0,16.6,24.1,8.7,93.1,2,No,Yes,Family,Occupied,70.3,164641.0,176845.0
385,Donholm,Apartment,Unfurnished,3,2,88.3,100299.0,1066.0,13.9,10.7,7.5,95.0,2,No,No,Professional,Occupied,88.0,93464.0,100299.0
386,Langata,Bedsitter,Semi-Furnished,5,6,81.0,221103.0,10260.0,10.0,16.2,6.9,92.3,4,Yes,Yes,Student,Occupied,67.1,187948.0,221103.0
387,Kileleshwa,Townhouse,Unfurnished,5,4,90.0,302066.0,20045.0,6.7,12.1,8.8,71.2,3,Yes,Yes,Family,Occupied,70.1,264383.0,302066.0
388,Langata,Apartment,Unfurnished,4,3,66.9,170277.0,3289.0,12.4,3.7,7.9,69.6,3,Yes,No,Expat,Occupied,74.9,148453.0,170277.0
389,Umoja,Apartment,Unfurnished,4,4,72.2,86787.0,5223.0,13.1,8.9,8.6,95.8,2,Yes,Yes,Professional,Occupied,61.6,80987.0,86787.0
390,Kilimani,Apartment,Unfurnished,6,5,71.9,275319.0,4356.0,28.3,17.3,5.6,98.0,3,No,Yes,Professional,Occupied,92.7,267279.0,275319.0
391,Donholm,Maisonette,Semi-Furnished,2,2,117.5,106511.0,1629.0,15.1,9.4,6.0,90.5,2,No,No,Professional,Occupied,75.0,102540.0,106511.0
392,Kilimani,Maisonette,Unfurnished,6,6,-20.0,303460.0,9636.0,10.7,0.0,6.0,97.0,3,Yes,No,Family,Occupied,83.2,272662.0,303460.0
393,Kilimani,Maisonette,Furnished,6,6,84.0,307370.0,3320.0,16.3,11.8,7.2,95.8,4,Yes,Yes,Family,Occupied,65.4,286506.0,307370.0
394,Lavington,Apartment,Unfurnished,6,6,83.8,361095.0,959.0,17.5,5.4,9.2,86.8,4,No,No,Professional,Occupied,82.1,340996.0,361095.0
395,Kileleshwa,Maisonette,Unfurnished,6,6,108.3,330363.0,2438.0,16.5,12.8,5.6,93.9,3,Yes,No,Expat,Occupied,83.0,318438.0,330363.0
396,Umoja,Townhouse,Furnished,4,5,60.8,92858.0,1516.0,2.5,21.3,8.1,75.9,2,No,No,Professional,Occupied,84.4,79954.0,92858.0
397,Langata,Bedsitter,Unfurnished,2,1,84.1,186391.0,4383.0,6.5,16.6,5.6,94.6,1,No,No,Professional,Occupied,94.0,166417.0,186391.0
398,Karen,Townhouse,Unfurnished,2,1,60.7,287708.0,4365.0,8.4,21.2,9.5,87.7,1,No,Yes,Expat,Occupied,69.4,275028.0,287708.0
399,Westlands,Maisonette,Furnished,6,5,49.3,298780.0,9231.0,12.0,8.6,5.1,69.8,4,Yes,No,Expat,Occupied,73.1,260952.0,298780.0
400,Karen,Bedsitter,Unfurnished,3,4,74.0,351325.0,14485.0,3.7,11.1,7.9,93.9,2,Yes,Yes,Expat,Occupied,66.5,307270.0,351325.0
401,Westlands,Bedsitter,Unfurnished,5,5,91.2,531933.0,15337.0,14.2,5.7,8.1,97.6,4,No,No,Professional,Occupied,74.0,495554.0,531933.0
402,Donholm,Apartment,Unfurnished,4,5,73.0,124338.0,1963.0,7.7,7.9,7.7,96.2,3,Yes,Yes,Expat,Occupied,81.6,117492.0,124338.0
403,Runda,Apartment,Semi-Furnished,6,6,90.9,539936.0,6207.0,10.1,6.4,5.9,72.8,3,Yes,Yes,Family,Occupied,81.1,468654.0,539936.0
404,Karen,Bedsitter,Semi-Furnished,3,2,86.6,363740.0,7029.0,7.2,4.2,5.7,95.0,2,No,Yes,Expat,Occupied,91.4,336972.0,363740.0
405,South C,Apartment,Furnished,4,3,82.9,200560.0,2789.0,6.9,20.2,8.5,97.0,2,No,No,Professional,Occupied,79.9,173328.0,200560.0
406,South C,Maisonette,Unfurnished,3,2,104.0,179388.0,4920.0,2.3,0.0,8.3,83.2,2,No,Yes,Student,Occupied,75.0,173063.0,179388.0
407,South B,Townhouse,Semi-Furnished,2,2,76.1,129881.0,5322.0,14.1,20.2,8.2,97.1,1,Yes,No,Student,Occupied,64.1,117550.0,129881.0
408,Kileleshwa,Maisonette,Unfurnished,3,3,90.7,258899.0,2865.0,3.3,19.5,8.4,89.8,2,No,No,Family,Occupied,83.7,244951.0,258899.0
409,Westlands,Apartment,Furnished,5,6,58.0,288389.0,9871.0,1.4,15.0,5.2,97.5,4,Yes,Yes,Student,Occupied,73.4,255030.0,288389.0
410,Westlands,Apartment,Unfurnished,6,6,86.5,391734.0,4744.0,3.0,5.3,5.1,92.9,3,Yes,Yes,Student,Occupied,83.9,332096.0,391734.0
411,Roysambu,Apartment,Furnished,4,3,81.1,123064.0,3568.0,1.8,2.5,6.2,79.3,2,No,No,Student,Vacant,70.8,112708.0,123064.0
412,Kasarani,Bedsitter,Furnished,6,6,67.3,110644.0,1709.0,25.5,8.7,6.4,94.2,4,Yes,Yes,Family,Occupied,87.0,105875.0,110644.0
413,Kileleshwa,Maisonette,Semi-Furnished,5,5,91.0,295105.0,,6.4,15.8,6.3,97.4,3,Yes,Yes,Student,Occupied,78.9,273841.0,295105.0
414,Lavington,Townhouse,Semi-Furnished,3,3,73.9,251186.0,4241.0,19.0,12.0,7.3,91.0,3,Yes,Yes,Professional,Occupied,84.9,215846.0,251186.0
415,South B,Apartment,Unfurnished,3,3,111.0,174118.0,4251.0,5.5,5.7,8.3,86.3,2,No,Yes,Student,Occupied,78.9,152086.0,174118.0
416,Lavington,Townhouse,Unfurnished,2,1,48.5,189672.0,2225.0,12.2,18.9,6.6,91.9,0,No,Yes,Expat,Occupied,65.7,178124.0,189672.0
417,Donholm,Maisonette,Unfurnished,3,2,88.7,94247.0,7523.0,18.0,22.1,6.0,69.0,2,No,No,Student,Occupied,71.3,80344.0,94247.0
418,Donholm,Apartment,Unfurnished,4,5,85.6,116427.0,1818.0,9.5,10.6,8.0,96.0,2,No,Yes,Student,Occupied,62.2,103645.0,116427.0
419,Lavington,Maisonette,Unfurnished,6,6,80.8,348904.0,858.0,14.8,12.7,6.7,93.6,4,No,No,Professional,Occupied,76.8,330650.0,348904.0
420,Lavington,Apartment,Unfurnished,4,5,77.1,302399.0,2450.0,12.8,2.9,7.1,92.4,2,No,Yes,Family,Occupied,60.4,271004.0,302399.0
421,Umoja,Apartment,Unfurnished,3,3,86.0,104218.0,5130.0,23.2,9.5,6.6,88.8,2,Yes,Yes,Family,Vacant,77.9,94943.0,104218.0
422,Kileleshwa,Bedsitter,Unfurnished,2,2,100.9,226798.0,5099.0,19.6,15.1,7.4,96.2,2,Yes,Yes,Student,Vacant,38.8,196710.0,226798.0
423,Lavington,Apartment,Furnished,2,1,59.9,217586.0,4440.0,10.6,14.1,5.8,94.0,2,No,No,Professional,Occupied,83.1,201166.0,217586.0
424,South C,Bedsitter,Unfurnished,4,5,72.9,162539.0,3567.0,15.4,9.0,7.9,94.3,3,Yes,Yes,Student,Occupied,,139970.0,162539.0
425,Kasarani,Bedsitter,Furnished,6,5,69.2,202256.0,4496.0,4.5,10.4,7.0,96.4,3,Yes,Yes,Family,Vacant,65.5,175600.0,202256.0
426,Kasarani,Bedsitter,Unfurnished,1,2,68.5,93758.0,29798.0,5.5,9.3,6.1,92.4,0,No,Yes,Family,Occupied,88.7,82885.0,93758.0
427,Kilimani,Apartment,Unfurnished,3,4,90.1,239321.0,4793.0,15.4,10.3,7.6,86.5,2,No,Yes,Expat,Vacant,78.2,223917.0,239321.0
428,Runda,Apartment,Furnished,2,3,93.8,393666.0,2994.0,20.1,14.5,,97.7,2,No,Yes,Expat,Occupied,83.5,334878.0,393666.0
429,Donholm,Bedsitter,Semi-Furnished,5,5,101.0,211291.0,3740.0,9.5,0.2,6.1,91.4,3,No,Yes,Professional,Occupied,64.9,189959.0,211291.0
430,Westlands,Apartment,Unfurnished,5,6,94.1,334016.0,3480.0,14.8,11.6,5.6,90.2,3,No,Yes,Professional,Occupied,84.6,286432.0,334016.0
431,Roysambu,Apartment,Unfurnished,5,6,95.3,148641.0,4224.0,9.8,14.1,5.0,90.3,3,No,No,Family,Occupied,73.6,139916.0,148641.0
432,Ruaka,Apartment,Semi-Furnished,5,5,63.8,216262.0,2126.0,24.6,8.6,7.6,63.4,3,Yes,Yes,Family,Occupied,76.2,183661.0,216262.0
433,Westlands,Bedsitter,Unfurnished,2,3,107.3,266580.0,7039.0,21.9,9.1,8.4,90.1,2,No,No,Family,Occupied,89.9,231324.0,266580.0
434,Runda,Apartment,Unfurnished,3,3,81.9,389288.0,4953.0,12.7,9.3,6.5,93.0,2,Yes,Yes,Student,Occupied,63.4,332048.0,389288.0
435,Roysambu,Bedsitter,Unfurnished,5,5,100.5,142056.0,2316.0,22.4,9.1,6.0,95.0,2,Yes,Yes,Expat,Occupied,84.1,133781.0,142056.0
436,Umoja,Maisonette,Unfurnished,4,3,64.4,85106.0,8216.0,6.0,12.0,4.8,94.3,2,No,No,Expat,Occupied,78.9,77751.0,85106.0
437,Kileleshwa,Apartment,Unfurnished,5,5,81.4,279183.0,1062.0,7.6,12.8,4.4,95.7,3,Yes,No,Family,Occupied,72.9,267252.0,279183.0
438,Karen,Apartment,Semi-Furnished,5,5,99.1,494770.0,18157.0,2.3,0.0,7.9,94.8,3,Yes,No,Family,Vacant,64.1,470965.0,494770.0
439,Kileleshwa,Townhouse,Unfurnished,6,6,85.4,322179.0,15058.0,5.2,15.9,4.6,93.8,4,No,No,Expat,Occupied,72.8,300374.0,322179.0
440,Westlands,Maisonette,Unfurnished,4,5,73.7,297869.0,13462.0,4.3,10.3,5.6,92.6,3,Yes,No,Professional,Occupied,66.8,253993.0,297869.0
441,Westlands,Townhouse,Furnished,3,2,104.6,317983.0,2842.0,3.8,23.6,7.3,87.5,2,No,No,Family,Occupied,86.9,281381.0,317983.0
442,Roysambu,Maisonette,Semi-Furnished,4,5,67.4,100030.0,4762.0,31.0,4.9,7.1,95.3,3,Yes,Yes,Family,Occupied,75.9,92862.0,100030.0
443,Roysambu,Apartment,Semi-Furnished,2,2,84.7,96720.0,2604.0,17.2,6.8,7.4,95.2,2,Yes,Yes,Professional,Occupied,68.2,82442.0,96720.0
444,Donholm,Apartment,Unfurnished,6,6,94.6,177356.0,5440.0,15.7,10.8,7.0,90.7,4,No,No,Family,Vacant,60.6,155444.0,177356.0
445,Umoja,Apartment,Unfurnished,3,2,116.4,178326.0,4076.0,6.1,14.5,6.6,90.6,2,No,No,Expat,Occupied,70.4,152932.0,178326.0
446,Donholm,Apartment,Unfurnished,5,4,78.1,140000.0,2916.0,4.5,0.3,5.6,94.5,3,No,No,Expat,Occupied,87.4,119752.0,140000.0
447,Runda,Apartment,Unfurnished,2,2,80.9,368524.0,2894.0,4.5,7.0,6.2,97.5,1,No,Yes,Professional,Occupied,76.1,322527.0,368524.0
448,Lavington,Apartment,Unfurnished,5,5,78.3,338278.0,4263.0,1.9,15.5,6.7,83.7,3,No,No,Expat,Occupied,73.2,317194.0,338278.0
449,Kileleshwa,Apartment,Furnished,2,3,88.6,317390.0,31424.0,13.9,6.3,4.7,88.3,1,No,No,Professional,Vacant,92.0,269092.0,317390.0
450,Roysambu,Maisonette,Semi-Furnished,6,6,93.8,161015.0,10035.0,7.0,20.2,6.1,91.4,3,Yes,No,Professional,Occupied,70.9,149259.0,161015.0
451,Langata,Maisonette,Semi-Furnished,1,2,101.4,166844.0,4273.0,3.5,9.3,6.6,85.5,1,Yes,Yes,Expat,Occupied,,147550.0,166844.0
452,Runda,Apartment,Semi-Furnished,5,4,96.3,529050.0,3545.0,4.8,6.6,6.2,98.3,3,Yes,No,Professional,Vacant,79.0,457370.0,529050.0
453,South C,Maisonette,Unfurnished,3,4,77.5,166200.0,6224.0,8.6,15.7,6.6,98.7,2,Yes,No,Expat,Vacant,79.2,157346.0,166200.0
454,Umoja,Apartment,Unfurnished,3,3,97.2,96529.0,2620.0,15.0,21.6,7.8,91.9,2,Yes,No,Professional,Occupied,69.1,86083.0,96529.0
455,Westlands,Maisonette,Semi-Furnished,3,4,86.4,280269.0,3430.0,6.7,14.5,7.9,86.7,2,Yes,No,Professional,Occupied,67.0,258009.0,280269.0
456,Donholm,Apartment,Unfurnished,3,4,96.2,105978.0,1027.0,19.7,19.6,8.8,92.0,2,No,No,Professional,Occupied,89.5,99357.0,105978.0
457,Runda,Townhouse,Unfurnished,4,3,97.0,458374.0,4288.0,21.7,22.1,5.2,98.3,3,No,Yes,Expat,Vacant,70.7,444262.0,458374.0
458,Ruaka,Bedsitter,Semi-Furnished,3,4,109.5,243532.0,4365.0,22.7,6.5,6.5,86.7,1,Yes,No,Family,Occupied,60.5,209797.0,243532.0
459,Kileleshwa,Apartment,Furnished,3,3,79.7,234202.0,2750.0,7.1,17.6,8.5,95.2,2,No,No,Student,Vacant,76.9,222968.0,234202.0
460,Roysambu,Apartment,Semi-Furnished,3,4,76.8,100418.0,5519.0,10.1,2.9,4.9,82.6,1,No,Yes,Family,Vacant,83.9,86439.0,100418.0
461,Westlands,Apartment,Furnished,1,2,91.7,230777.0,4390.0,5.6,14.5,5.6,64.7,2,Yes,Yes,Professional,Occupied,73.1,206031.0,230777.0
462,Karen,Apartment,Unfurnished,5,6,102.7,461373.0,2773.0,7.7,11.6,6.3,98.2,3,No,Yes,Expat,Occupied,80.4,410782.0,461373.0
463,Ruaka,Apartment,Furnished,3,3,85.9,207731.0,7159.0,6.4,19.5,9.5,96.6,3,Yes,No,Professional,Occupied,64.5,179963.0,207731.0
464,Umoja,Bedsitter,Semi-Furnished,4,5,103.7,108516.0,3548.0,3.7,19.0,5.8,93.3,3,No,No,Family,Occupied,81.3,98079.0,108516.0
465,Runda,Apartment,Unfurnished,3,3,95.4,450505.0,1933.0,9.5,15.4,8.3,91.1,2,Yes,Yes,Student,Occupied,65.4,415752.0,450505.0
466,South B,Bedsitter,Unfurnished,6,6,82.0,195066.0,1173.0,8.4,13.8,7.0,83.9,3,No,No,Family,Occupied,78.1,185632.0,195066.0
467,Westlands,Townhouse,Furnished,4,3,93.5,300626.0,10990.0,13.5,15.1,5.6,92.2,2,No,No,Expat,Occupied,82.7,269484.0,300626.0
468,Kileleshwa,Apartment,Furnished,4,3,78.5,260697.0,4395.0,13.7,12.4,10.0,96.7,3,No,No,Expat,Occupied,76.0,234235.0,260697.0
469,Kilimani,Bedsitter,Furnished,5,4,88.6,292357.0,4266.0,8.7,11.6,7.2,89.1,3,No,No,Family,Occupied,62.6,272192.0,292357.0
470,Langata,Apartment,Furnished,2,2,68.9,160563.0,3902.0,12.4,20.7,7.5,96.5,2,No,No,Family,Occupied,63.1,143359.0,160563.0
471,Embakasi,Maisonette,Semi-Furnished,4,4,84.0,123500.0,9439.0,7.7,21.4,7.6,94.9,2,Yes,Yes,Student,Occupied,90.9,112692.0,123500.0
472,Ruaka,Apartment,Unfurnished,3,3,100.0,216185.0,4446.0,4.7,11.2,7.5,82.7,2,No,No,Professional,Occupied,67.3,187851.0,216185.0
473,Lavington,Townhouse,Semi-Furnished,1,2,96.5,262134.0,11892.0,4.0,13.4,9.6,95.3,1,No,No,Expat,Occupied,82.7,235325.0,262134.0
474,Embakasi,Maisonette,Furnished,3,3,94.3,127838.0,4456.0,5.3,12.5,9.1,96.4,3,No,Yes,Expat,Occupied,76.2,109259.0,127838.0
475,Kileleshwa,Apartment,Unfurnished,3,3,89.3,245987.0,619.0,8.8,2.3,5.9,94.7,1,No,No,Student,Vacant,65.0,222070.0,245987.0
476,South C,Apartment,Semi-Furnished,2,2,87.4,180937.0,9768.0,14.6,10.0,9.4,87.9,2,Yes,Yes,Expat,Vacant,69.7,155561.0,180937.0
477,Donholm,Maisonette,Semi-Furnished,3,3,66.0,96755.0,5018.0,3.0,21.6,6.2,98.8,3,Yes,Yes,Expat,Occupied,92.0,87318.0,96755.0
478,South C,Maisonette,Semi-Furnished,2,1,81.9,175574.0,2822.0,4.2,7.5,7.4,89.1,2,No,No,Family,Vacant,100.0,157649.0,175574.0
479,Kilimani,Apartment,Unfurnished,3,4,87.7,252164.0,3362.0,28.5,24.7,5.3,92.3,3,Yes,No,Family,Occupied,71.8,232405.0,252164.0
480,Ruaka,Apartment,Furnished,6,5,68.1,240552.0,3244.0,5.0,19.0,8.2,95.3,4,Yes,No,Student,Occupied,71.1,220684.0,240552.0
481,Lavington,Maisonette,Unfurnished,3,4,58.7,226407.0,1687.0,20.9,14.4,6.6,92.2,2,No,Yes,Expat,Occupied,58.6,193516.0,226407.0
482,South B,Apartment,Unfurnished,4,5,101.9,176150.0,7436.0,5.0,15.4,5.6,93.0,3,Yes,No,Student,Occupied,58.5,165634.0,176150.0
483,Kilimani,Townhouse,Furnished,1,1,85.8,198804.0,2945.0,4.6,6.5,8.4,93.4,1,Yes,No,Professional,Occupied,66.4,189659.0,198804.0
484,Ruaka,Apartment,Unfurnished,2,2,88.1,249320.0,2191.0,21.8,10.4,8.7,92.5,2,No,Yes,Professional,Occupied,70.5,215949.0,249320.0
485,Kasarani,Apartment,Semi-Furnished,4,3,93.3,120377.0,81569.0,2.7,20.6,8.8,92.8,3,Yes,No,Student,Occupied,74.7,107813.0,120377.0
486,Embakasi,Maisonette,Furnished,2,3,70.3,87823.0,1795.0,9.3,8.3,5.2,95.9,2,Yes,No,Expat,Occupied,81.9,81871.0,87823.0
487,Kilimani,Apartment,Unfurnished,6,6,78.9,312599.0,3784.0,3.6,18.4,8.9,94.4,4,Yes,Yes,Professional,Vacant,77.2,285515.0,312599.0
488,Embakasi,Apartment,Unfurnished,4,4,107.6,137725.0,804.0,7.0,3.7,6.6,89.5,2,No,Yes,Expat,Occupied,82.1,124218.0,137725.0
489,Westlands,Apartment,Unfurnished,4,3,77.7,309776.0,9682.0,2.4,4.8,9.5,97.7,3,No,Yes,Family,Occupied,68.9,276877.0,309776.0
490,South C,Apartment,Furnished,3,4,81.0,184748.0,3302.0,8.3,23.4,7.7,91.3,2,Yes,No,Student,Occupied,74.3,160211.0,184748.0
491,Westlands,Bedsitter,Semi-Furnished,1,1,75.0,261065.0,7128.0,2.8,11.9,7.3,97.4,1,Yes,Yes,Professional,Occupied,71.4,239696.0,261065.0
492,Langata,Apartment,Unfurnished,3,3,73.9,145876.0,2079.0,18.1,8.8,7.0,91.6,2,No,Yes,Expat,Occupied,62.3,128926.0,145876.0
493,Kasarani,Bedsitter,Semi-Furnished,6,6,101.6,181851.0,1299.0,1.2,20.2,7.0,97.9,4,Yes,Yes,Family,Occupied,55.3,157417.0,181851.0
494,Lavington,Maisonette,Semi-Furnished,4,5,47.8,294749.0,2387.0,7.1,19.5,6.2,95.6,2,No,Yes,Student,Occupied,68.3,254849.0,294749.0
495,South B,Bedsitter,Furnished,3,3,78.1,142964.0,10320.0,3.2,17.5,5.7,90.5,2,No,Yes,Professional,Occupied,50.2,133845.0,142964.0
496,Umoja,Apartment,Furnished,1,2,88.4,74736.0,6027.0,1.9,8.6,6.6,93.2,1,Yes,Yes,Family,Occupied,63.7,69038.0,74736.0
497,Embakasi,Apartment,Unfurnished,3,4,110.5,145114.0,1298.0,3.8,10.3,8.4,92.3,2,No,Yes,Student,Vacant,80.5,129654.0,145114.0
498,South B,Townhouse,Semi-Furnished,4,4,68.0,139909.0,740.0,14.4,13.9,5.3,96.4,3,Yes,Yes,Professional,Occupied,76.8,120314.0,139909.0
499,Embakasi,Maisonette,Unfurnished,6,6,65.4,172986.0,,4.5,16.2,8.6,86.1,4,Yes,No,Expat,Occupied,75.2,150610.0,172986.0
500,Kileleshwa,Bedsitter,Semi-Furnished,2,1,72.1,214335.0,8644.0,4.9,8.9,7.2,93.1,1,Yes,Yes,Family,Occupied,86.8,191783.0,214335.0
501,Kilimani,Apartment,Unfurnished,2,1,95.5,217202.0,2366.0,21.4,13.0,7.9,93.8,2,No,No,Family,Occupied,67.7,184451.0,217202.0
502,Langata,Apartment,Semi-Furnished,2,3,86.9,171094.0,8548.0,2.8,13.6,8.0,92.1,2,Yes,No,Expat,Occupied,81.8,156130.0,171094.0
503,South C,Maisonette,Semi-Furnished,3,2,63.4,144787.0,4398.0,11.7,19.7,8.1,98.9,2,Yes,Yes,Family,Occupied,66.9,125208.0,144787.0
504,Umoja,Maisonette,Furnished,2,3,86.5,73263.0,13725.0,15.9,16.5,7.0,93.0,2,Yes,Yes,Family,Occupied,77.8,63554.0,73263.0
505,Roysambu,Bedsitter,Semi-Furnished,5,5,108.3,144542.0,2502.0,12.5,3.0,7.1,91.9,3,No,No,Student,Occupied,76.5,123942.0,144542.0
506,Embakasi,Maisonette,Unfurnished,4,4,89.0,130379.0,3858.0,2.2,10.7,8.1,95.7,2,Yes,No,Expat,Occupied,77.1,110664.0,130379.0
507,South B,Maisonette,Unfurnished,2,1,87.5,145319.0,2544.0,4.7,6.4,5.8,84.9,1,Yes,Yes,Family,Occupied,71.1,131588.0,145319.0
508,Langata,Apartment,Unfurnished,4,5,88.4,202091.0,8020.0,6.5,15.4,5.6,97.9,3,No,Yes,Expat,Vacant,78.2,190770.0,202091.0
509,Karen,Apartment,Furnished,6,6,91.2,489634.0,6085.0,15.0,17.5,6.4,86.1,3,No,Yes,Student,Occupied,79.0,445472.0,489634.0
510,Umoja,Apartment,Furnished,1,1,66.0,60067.0,1225.0,15.4,12.6,7.3,81.4,0,No,No,Student,Occupied,60.7,51867.0,60067.0
511,Karen,Apartment,Furnished,2,3,81.5,329386.0,6532.0,2.6,10.4,9.3,88.7,1,Yes,No,Expat,Occupied,83.5,285080.0,329386.0
512,Westlands,Maisonette,Unfurnished,5,6,82.3,310620.0,1419.0,18.5,12.4,7.1,95.5,2,No,Yes,Expat,Occupied,62.6,287506.0,310620.0
513,South C,Apartment,Unfurnished,4,4,77.7,169683.0,2126.0,11.4,13.3,9.4,91.0,2,No,Yes,Professional,Occupied,66.2,163614.0,169683.0
514,Donholm,Apartment,Unfurnished,4,5,95.3,119437.0,6782.0,1.0,8.2,7.6,96.4,3,Yes,Yes,Student,Occupied,77.4,107944.0,119437.0
515,Donholm,Apartment,Furnished,5,6,75.5,121408.0,1672.0,3.6,4.7,6.5,74.1,2,No,No,Family,Occupied,81.0,110259.0,121408.0
516,Roysambu,Apartment,Unfurnished,3,4,79.6,127418.0,3103.0,6.1,0.0,,93.4,2,No,No,Student,Occupied,77.2,122181.0,127418.0
517,Kileleshwa,Apartment,Semi-Furnished,5,4,66.1,254881.0,6847.0,14.5,19.6,6.7,96.3,3,No,No,Student,Occupied,78.3,221784.0,254881.0
518,South B,Apartment,Unfurnished,2,1,90.7,148519.0,5381.0,10.5,15.0,7.3,99.4,0,No,Yes,Professional,Occupied,63.6,138474.0,148519.0
519,Ruaka,Bedsitter,Unfurnished,5,4,99.1,261958.0,5165.0,11.5,14.2,5.4,92.4,3,No,No,Expat,Occupied,,232467.0,261958.0
520,Roysambu,Apartment,Unfurnished,4,5,79.6,123692.0,7004.0,6.3,19.6,5.2,83.6,3,Yes,Yes,Student,Occupied,54.5,118341.0,123692.0
521,Kilimani,Bedsitter,Unfurnished,3,4,97.1,247676.0,10046.0,15.5,4.5,7.7,89.0,3,No,No,Professional,Occupied,65.8,213678.0,247676.0
522,Kilimani,Apartment,Furnished,2,1,82.8,213444.0,1689.0,13.4,1.6,8.3,84.9,2,Yes,Yes,Expat,Occupied,61.6,187085.0,213444.0
523,South B,Apartment,Unfurnished,4,3,47.1,154709.0,5081.0,10.4,14.3,9.3,71.7,2,No,No,Student,Occupied,75.1,142161.0,154709.0
524,Ruaka,Apartment,Furnished,3,4,84.2,202756.0,7904.0,10.2,13.8,6.0,92.2,2,Yes,Yes,Professional,Occupied,98.6,180320.0,202756.0
525,Lavington,Bedsitter,Unfurnished,3,4,82.4,284468.0,6888.0,9.4,1.6,8.8,93.4,2,Yes,No,Student,Vacant,82.6,268843.0,284468.0
526,Kileleshwa,Bedsitter,Semi-Furnished,1,1,86.5,227776.0,3599.0,6.2,14.2,8.6,68.4,1,No,Yes,Family,Vacant,52.6,193388.0,227776.0
527,Langata,Apartment,Unfurnished,1,1,88.8,144730.0,3457.0,4.5,9.6,6.4,91.0,2,No,Yes,Expat,Occupied,59.8,125916.0,144730.0
528,Embakasi,Apartment,Unfurnished,3,4,74.7,106425.0,7165.0,7.3,7.2,8.7,97.6,2,No,Yes,Expat,Occupied,62.0,92677.0,106425.0
529,Ruaka,Maisonette,Unfurnished,4,3,107.1,249917.0,4674.0,3.5,10.0,8.1,95.5,2,No,No,Student,Occupied,57.4,237337.0,249917.0
530,Donholm,Apartment,Unfurnished,6,5,84.0,125571.0,8655.0,10.5,0.0,8.4,69.4,4,Yes,Yes,Professional,Occupied,72.2,121600.0,125571.0
531,Umoja,Apartment,Unfurnished,2,1,82.0,88708.0,4346.0,27.0,8.5,9.6,89.8,2,No,Yes,Professional,Occupied,77.3,79359.0,88708.0
532,Lavington,Maisonette,Unfurnished,6,6,96.2,414568.0,3098.0,13.3,7.8,8.3,83.4,4,No,Yes,Family,Occupied,62.1,394219.0,414568.0
533,Embakasi,Bedsitter,Unfurnished,4,5,85.3,114414.0,1171.0,14.8,15.3,4.4,96.7,2,No,Yes,Family,Occupied,72.8,99745.0,114414.0
534,Embakasi,Apartment,Unfurnished,4,5,123.5,149218.0,3424.0,12.8,11.1,7.4,83.4,3,No,Yes,Professional,Occupied,77.2,136595.0,149218.0
535,Lavington,Townhouse,Semi-Furnished,1,1,81.9,219808.0,1700.0,19.3,15.8,5.1,93.8,2,Yes,Yes,Expat,Vacant,82.0,203377.0,219808.0
536,Westlands,Maisonette,Unfurnished,6,6,90.3,348682.0,1118.0,18.9,0.0,7.2,83.0,3,No,Yes,Family,Occupied,76.6,334934.0,348682.0
537,Karen,Apartment,Unfurnished,2,2,73.8,294078.0,2195.0,8.3,7.0,7.1,75.6,1,No,Yes,Student,Occupied,78.3,249343.0,294078.0
538,Embakasi,Bedsitter,Unfurnished,5,4,98.1,141496.0,6583.0,13.6,15.3,6.3,95.6,3,Yes,No,Student,Occupied,74.6,120586.0,141496.0
539,Lavington,Bedsitter,Semi-Furnished,3,3,89.6,287761.0,3397.0,11.6,10.1,5.8,86.6,2,No,Yes,Expat,Occupied,64.9,274126.0,287761.0
540,Ruaka,Apartment,Furnished,5,5,79.9,230387.0,4558.0,8.6,17.1,6.4,90.5,4,Yes,No,Expat,Occupied,67.0,213337.0,230387.0
541,Lavington,Apartment,Unfurnished,1,2,71.9,195553.0,6448.0,18.1,1.2,6.6,94.5,1,No,Yes,Family,Occupied,61.8,179634.0,195553.0
542,Kasarani,Apartment,Furnished,2,3,65.4,74938.0,3924.0,11.8,16.4,6.8,95.3,2,No,No,Student,Occupied,90.0,69741.0,74938.0
543,Roysambu,Bedsitter,Unfurnished,4,4,91.3,124613.0,2486.0,5.3,8.2,7.1,91.0,3,Yes,Yes,Expat,Occupied,60.3,106491.0,124613.0
544,Runda,Apartment,Semi-Furnished,3,4,64.2,367936.0,2945.0,6.2,7.6,7.7,96.2,2,Yes,No,Student,Occupied,84.5,323261.0,367936.0
545,Westlands,Maisonette,Semi-Furnished,1,1,104.6,254199.0,6910.0,13.9,17.9,6.6,92.7,1,No,Yes,Family,Occupied,60.4,216637.0,254199.0
546,South C,Bedsitter,Unfurnished,3,3,66.1,167739.0,3951.0,5.0,19.0,8.5,85.9,2,No,Yes,Expat,Occupied,82.7,144456.0,167739.0
547,Runda,Apartment,Unfurnished,6,5,82.3,512730.0,678.0,20.2,18.2,7.0,97.8,3,No,Yes,Professional,Vacant,84.7,448512.0,512730.0
548,Roysambu,Bedsitter,Unfurnished,5,5,71.8,144848.0,3143.0,4.5,24.2,8.1,96.5,3,Yes,Yes,Student,Occupied,86.5,127670.0,144848.0
549,Roysambu,Apartment,Unfurnished,3,3,85.5,103055.0,5838.0,25.7,19.6,6.6,95.6,2,Yes,Yes,Expat,Occupied,64.6,88846.0,103055.0
550,Roysambu,Bedsitter,Semi-Furnished,6,6,85.4,149694.0,4573.0,10.9,7.2,10.0,88.8,3,No,Yes,Family,Occupied,,132166.0,149694.0
551,Runda,Bedsitter,Unfurnished,2,1,91.7,410449.0,1970.0,8.7,12.8,7.6,84.6,1,Yes,No,Professional,Occupied,69.0,387835.0,410449.0
552,South B,Apartment,Semi-Furnished,5,6,62.1,159139.0,2387.0,25.8,9.8,9.0,91.1,3,No,Yes,Expat,Vacant,66.1,141178.0,159139.0
553,Karen,Apartment,Unfurnished,3,2,73.5,342191.0,1029.0,4.7,24.2,6.2,86.5,2,Yes,Yes,Student,Vacant,75.4,309045.0,342191.0
554,Lavington,Apartment,Unfurnished,5,6,99.6,2500000.0,5911.0,16.4,18.6,6.5,89.4,3,No,No,Student,Occupied,83.1,304755.0,358783.0
555,Umoja,Apartment,Semi-Furnished,3,3,94.9,83922.0,6218.0,25.2,10.9,6.7,74.0,3,Yes,No,Family,Occupied,69.0,75845.0,83922.0
556,Karen,Apartment,Unfurnished,5,4,47.5,371938.0,3665.0,6.7,17.3,10.0,97.0,2,No,Yes,Student,Occupied,78.3,359094.0,371938.0
557,Donholm,Apartment,Unfurnished,4,3,90.7,122217.0,3149.0,8.7,4.6,6.7,97.1,2,No,No,Professional,Occupied,65.9,114261.0,122217.0
558,Ruaka,Townhouse,Semi-Furnished,4,3,69.5,264617.0,1887.0,6.9,13.5,6.0,99.4,2,No,Yes,Family,Occupied,64.6,226632.0,264617.0
559,Kileleshwa,Apartment,Unfurnished,4,3,76.1,266829.0,5078.0,3.3,6.4,8.6,97.8,2,Yes,Yes,Family,Occupied,71.8,227214.0,266829.0
560,South B,Apartment,Furnished,4,5,81.6,161733.0,1275.0,7.0,1.9,7.1,95.6,2,Yes,Yes,Expat,Vacant,72.4,141961.0,161733.0
561,South C,Bedsitter,Semi-Furnished,3,4,108.4,182936.0,6931.0,15.2,16.7,6.7,91.5,1,Yes,Yes,Family,Occupied,81.7,176149.0,182936.0
562,Karen,Apartment,Unfurnished,3,2,69.4,363687.0,6036.0,3.2,17.5,6.3,91.5,2,No,Yes,Expat,Occupied,62.5,351888.0,363687.0
563,Umoja,Townhouse,Unfurnished,1,1,63.9,69842.0,9115.0,14.4,14.7,7.6,88.8,1,No,Yes,Family,Occupied,96.6,63381.0,69842.0
564,Kilimani,Bedsitter,Unfurnished,1,1,91.8,216488.0,4168.0,2.0,10.9,8.3,92.1,1,No,Yes,Expat,Occupied,57.1,183472.0,216488.0
565,Roysambu,Maisonette,Unfurnished,2,3,84.6,102907.0,,6.2,4.4,7.9,91.7,1,Yes,No,Expat,Occupied,77.3,88683.0,102907.0
566,Embakasi,Apartment,Unfurnished,4,3,103.1,131727.0,5445.0,10.1,5.0,6.4,88.8,2,No,No,Expat,Occupied,72.1,112590.0,131727.0
567,Donholm,Apartment,Unfurnished,4,3,79.7,121574.0,6951.0,11.2,6.2,5.8,76.4,3,Yes,No,Professional,Occupied,68.5,108207.0,121574.0
568,Kileleshwa,Apartment,Furnished,3,2,103.2,245413.0,1789.0,15.1,10.6,2.2,81.1,2,Yes,No,Expat,Occupied,73.2,211770.0,245413.0
569,Westlands,Maisonette,Semi-Furnished,1,2,85.2,283529.0,3834.0,1.9,18.5,5.9,97.5,1,No,No,Professional,Occupied,81.7,263025.0,283529.0
570,South C,Apartment,Semi-Furnished,4,4,92.9,182520.0,4845.0,14.1,18.4,6.6,70.8,2,Yes,No,Expat,Vacant,83.3,176500.0,182520.0
571,Ruaka,Apartment,Semi-Furnished,6,6,109.4,281446.0,5636.0,17.3,2.1,6.9,68.3,4,No,No,Expat,Occupied,72.8,241019.0,281446.0
572,Kileleshwa,Townhouse,Unfurnished,3,4,82.5,239166.0,3144.0,5.8,7.8,6.7,97.5,2,No,Yes,Professional,Occupied,,225041.0,239166.0
573,Roysambu,Apartment,Furnished,2,2,100.7,114090.0,6259.0,9.0,7.7,10.0,93.5,1,No,Yes,Professional,Occupied,61.7,100143.0,114090.0
574,Embakasi,Apartment,Semi-Furnished,4,3,75.8,132766.0,2055.0,12.1,0.0,7.6,90.3,2,No,Yes,Professional,Occupied,73.2,117612.0,132766.0
575,South B,Apartment,Semi-Furnished,4,3,88.4,189700.0,16525.0,6.8,15.4,5.5,87.5,2,Yes,Yes,Professional,Occupied,78.9,180028.0,189700.0
576,Embakasi,Townhouse,Unfurnished,4,5,63.3,111445.0,2599.0,3.1,10.5,7.8,96.6,2,No,Yes,Expat,Occupied,52.2,105199.0,111445.0
577,Runda,Apartment,Unfurnished,4,5,77.4,441393.0,5353.0,7.4,11.3,7.5,98.2,3,Yes,Yes,Expat,Occupied,75.8,408939.0,441393.0
578,Embakasi,Maisonette,Unfurnished,3,3,69.1,98413.0,2733.0,12.4,20.1,5.7,81.7,2,Yes,No,Family,Occupied,73.3,86060.0,98413.0
579,Runda,Maisonette,Unfurnished,3,3,103.3,485197.0,4310.0,3.8,12.5,7.3,86.2,2,No,Yes,Family,Occupied,87.7,468388.0,485197.0
580,Donholm,Apartment,Unfurnished,4,3,111.1,129879.0,1890.0,20.3,9.4,7.6,91.9,2,No,Yes,Expat,Vacant,76.7,119039.0,129879.0
581,South B,Bedsitter,Unfurnished,1,2,79.7,115472.0,8543.0,15.3,15.4,8.2,93.3,2,Yes,Yes,Family,Occupied,79.8,102209.0,115472.0
582,Ruaka,Apartment,Furnished,4,4,73.4,194660.0,2271.0,7.5,18.4,,84.9,3,Yes,No,Professional,Occupied,72.3,184386.0,194660.0
583,Langata,Apartment,Unfurnished,4,4,65.3,213606.0,4260.0,3.9,13.8,7.8,97.1,3,No,Yes,Family,Occupied,81.3,203839.0,213606.0
584,Roysambu,Maisonette,Unfurnished,3,2,89.0,136932.0,3848.0,11.0,16.1,8.7,89.3,2,Yes,Yes,Professional,Occupied,80.6,125795.0,136932.0
585,Runda,Maisonette,Unfurnished,2,1,76.0,363719.0,2462.0,4.9,11.1,9.3,86.0,2,No,No,Expat,Occupied,61.9,338979.0,363719.0
586,Westlands,Bedsitter,Unfurnished,4,3,76.8,308675.0,677.0,3.9,11.5,5.5,92.2,1,Yes,No,Family,Occupied,78.1,273803.0,308675.0
587,Embakasi,Apartment,Unfurnished,5,4,109.4,153693.0,8447.0,4.8,12.7,6.8,96.6,3,Yes,No,Professional,Occupied,86.8,130754.0,153693.0
588,Embakasi,Apartment,Unfurnished,4,4,80.6,120067.0,4452.0,9.3,7.5,6.9,96.3,3,No,No,Expat,Occupied,,116494.0,120067.0
589,Westlands,Apartment,Unfurnished,6,6,93.8,385321.0,1190.0,12.6,8.6,7.8,94.1,3,No,Yes,Expat,Occupied,75.3,330647.0,385321.0
590,Ruaka,Apartment,Semi-Furnished,4,5,85.8,221995.0,1054.0,9.3,20.3,6.8,92.1,2,No,No,Professional,Vacant,78.2,202738.0,221995.0
591,Kilimani,Apartment,Unfurnished,4,3,64.7,231102.0,3212.0,15.2,24.0,6.1,96.4,2,No,Yes,Professional,Vacant,84.1,204587.0,231102.0
592,Donholm,Apartment,Semi-Furnished,4,3,57.3,85332.0,3798.0,25.8,21.6,7.3,85.1,2,Yes,No,Expat,Vacant,63.6,73711.0,85332.0
593,Lavington,Apartment,Unfurnished,2,2,92.3,288502.0,3462.0,9.7,4.1,6.6,90.0,1,No,Yes,Student,Occupied,79.7,258510.0,288502.0
594,Langata,Apartment,Unfurnished,2,1,110.6,173808.0,11056.0,12.2,3.5,7.7,98.0,2,Yes,Yes,Student,Occupied,55.3,166388.0,173808.0
595,South C,Apartment,Furnished,5,6,89.7,208336.0,1251.0,9.5,4.9,6.0,89.6,3,No,Yes,Professional,Occupied,83.6,198210.0,208336.0
596,Umoja,Apartment,Unfurnished,2,1,94.4,91499.0,4669.0,5.8,12.8,5.8,83.1,2,No,Yes,Family,Occupied,71.2,79675.0,91499.0
597,Runda,Maisonette,Semi-Furnished,3,4,71.4,389159.0,6323.0,10.6,0.0,8.6,87.5,1,Yes,Yes,Professional,Occupied,74.1,365626.0,389159.0
598,Westlands,Apartment,Unfurnished,5,4,100.2,373831.0,6230.0,1.6,8.5,9.7,76.4,3,Yes,Yes,Expat,Vacant,69.4,335167.0,373831.0
599,Umoja,Townhouse,Semi-Furnished,6,5,100.0,131502.0,7523.0,7.9,20.4,9.2,98.4,4,No,No,Professional,Occupied,74.6,120180.0,131502.0
600,South B,Maisonette,Unfurnished,3,4,74.6,134763.0,4367.0,8.3,17.9,6.9,95.1,2,Yes,Yes,Student,Occupied,77.6,125297.0,134763.0
601,Ruaka,Apartment,Furnished,5,5,93.2,270203.0,4780.0,10.3,8.9,8.3,88.5,3,No,Yes,Professional,Occupied,82.5,235359.0,270203.0
602,Runda,Maisonette,Unfurnished,3,3,58.5,331273.0,3194.0,15.6,9.4,6.2,94.4,2,Yes,No,Student,Occupied,88.0,290671.0,331273.0
603,Lavington,Bedsitter,Semi-Furnished,4,3,95.9,330796.0,1399.0,11.5,15.4,7.6,92.3,3,Yes,No,Family,Vacant,75.5,293541.0,330796.0
604,Umoja,Bedsitter,Unfurnished,3,2,76.4,86860.0,5065.0,10.3,17.6,6.3,75.4,3,Yes,Yes,Family,Vacant,,79989.0,86860.0
605,South B,Apartment,Unfurnished,2,3,66.6,124652.0,3036.0,4.6,8.8,8.5,81.1,2,Yes,Yes,Family,Vacant,88.1,117157.0,124652.0
606,Kileleshwa,Apartment,Unfurnished,5,6,91.0,319685.0,2390.0,15.8,10.6,8.3,87.7,4,No,No,Professional,Occupied,60.3,288685.0,319685.0
607,Roysambu,Apartment,Unfurnished,3,2,58.4,92718.0,5223.0,11.4,8.6,9.5,91.0,2,No,Yes,Student,Occupied,70.8,80445.0,92718.0
608,Embakasi,Apartment,Unfurnished,5,6,90.1,139326.0,5558.0,12.3,4.0,6.7,87.4,4,No,Yes,Professional,Vacant,70.1,124805.0,139326.0
609,Kileleshwa,Bedsitter,Semi-Furnished,3,3,68.0,259570.0,2455.0,9.8,10.7,8.9,85.8,3,Yes,Yes,Family,Occupied,75.1,220813.0,259570.0
610,Runda,Bedsitter,Semi-Furnished,3,3,64.8,365975.0,4793.0,12.1,10.2,7.6,94.3,2,No,No,Professional,Occupied,62.4,354519.0,365975.0
611,Lavington,Apartment,Semi-Furnished,3,4,85.9,290967.0,3801.0,11.7,4.4,7.1,84.3,2,Yes,Yes,Student,Occupied,61.9,246634.0,290967.0
612,Langata,Maisonette,Unfurnished,4,5,82.4,187702.0,4596.0,11.8,15.9,7.4,88.8,2,No,Yes,Expat,Vacant,74.8,165565.0,187702.0
613,Umoja,Apartment,Unfurnished,2,3,106.9,93649.0,9677.0,8.2,14.9,9.0,88.9,1,Yes,No,Student,Occupied,67.0,81088.0,93649.0
614,Donholm,Apartment,Furnished,3,3,65.7,101554.0,5485.0,10.1,16.2,6.8,91.8,1,No,Yes,Family,Occupied,88.5,94010.0,101554.0
615,Roysambu,Maisonette,Unfurnished,5,4,105.6,148254.0,5202.0,12.2,7.4,6.9,87.6,4,No,Yes,Family,Occupied,69.5,134015.0,148254.0
616,Runda,Apartment,Unfurnished,4,5,67.9,402353.0,2165.0,11.1,0.1,4.5,83.0,2,Yes,Yes,Family,Occupied,64.7,350010.0,402353.0
617,Ruaka,Apartment,Unfurnished,2,3,98.8,206500.0,2390.0,3.8,14.8,6.8,96.3,2,Yes,No,Professional,Occupied,91.7,180492.0,206500.0
618,Westlands,Apartment,Furnished,4,5,101.6,345796.0,5637.0,5.0,8.0,7.3,71.8,1,No,No,Student,Occupied,79.7,320151.0,345796.0
619,Donholm,Apartment,Furnished,6,5,89.8,135651.0,1324.0,12.5,6.7,6.1,82.0,4,Yes,No,Professional,Occupied,100.0,125758.0,135651.0
620,Donholm,Townhouse,Unfurnished,3,4,73.1,114175.0,3135.0,4.1,4.5,5.8,96.8,3,No,Yes,Family,Vacant,55.8,101092.0,114175.0
621,Donholm,Bedsitter,Unfurnished,2,3,62.2,97355.0,2358.0,9.2,10.3,4.8,84.4,1,No,Yes,Student,Occupied,77.1,83206.0,97355.0
622,Karen,Townhouse,Semi-Furnished,1,1,55.7,238087.0,3643.0,7.4,21.5,6.3,92.9,1,No,Yes,Expat,Occupied,79.9,217269.0,238087.0
623,Runda,Bedsitter,Unfurnished,6,6,112.8,625674.0,3460.0,15.2,9.0,8.7,97.2,3,No,Yes,Family,Occupied,75.3,577754.0,625674.0
624,Roysambu,Apartment,Unfurnished,5,5,80.5,157728.0,,13.1,5.5,5.2,95.0,3,Yes,No,Student,Occupied,71.4,135482.0,157728.0
625,Embakasi,Apartment,Unfurnished,1,1,68.4,75950.0,5573.0,13.5,15.9,7.9,94.7,1,Yes,No,Student,Occupied,87.5,67066.0,75950.0
626,Embakasi,Bedsitter,Unfurnished,4,5,67.9,228114.0,7916.0,6.5,13.0,8.1,86.9,2,Yes,No,Family,Occupied,79.7,209617.0,228114.0
627,Runda,Apartment,Semi-Furnished,3,4,87.5,431859.0,,13.5,0.0,9.9,91.9,2,No,Yes,Expat,Occupied,58.1,415813.0,431859.0
628,South B,Maisonette,Semi-Furnished,4,4,79.1,159750.0,3408.0,11.3,16.0,8.2,88.8,2,No,No,Student,Occupied,66.3,140350.0,159750.0
629,Karen,Maisonette,Unfurnished,4,3,56.2,350433.0,2661.0,4.8,24.8,8.1,85.1,3,No,No,Student,Occupied,63.4,323596.0,350433.0
630,Westlands,Apartment,Semi-Furnished,3,2,98.0,302284.0,2318.0,1.8,0.0,7.4,87.7,1,No,Yes,Expat,Occupied,73.8,290494.0,302284.0
631,Donholm,Townhouse,Furnished,5,5,90.0,131583.0,3211.0,7.0,4.6,7.0,84.9,4,No,No,Family,Occupied,84.5,117292.0,131583.0
632,Donholm,Maisonette,Semi-Furnished,6,5,112.6,142300.0,2015.0,14.7,0.0,8.0,95.4,3,No,Yes,Student,Occupied,71.2,131949.0,142300.0
633,Runda,Bedsitter,Semi-Furnished,4,3,102.1,517759.0,5590.0,5.6,11.5,8.5,93.4,3,Yes,No,Family,Occupied,72.5,479066.0,517759.0
634,South B,Apartment,Semi-Furnished,2,1,38.5,98322.0,8237.0,12.2,17.9,7.2,96.1,2,No,No,Professional,Occupied,65.2,89231.0,98322.0
635,Embakasi,Apartment,Semi-Furnished,1,1,106.3,106658.0,1384.0,8.2,12.6,8.6,93.1,2,No,Yes,Professional,Vacant,82.6,93755.0,106658.0
636,Embakasi,Apartment,Semi-Furnished,4,3,103.1,128375.0,4051.0,18.4,20.4,10.0,95.9,3,Yes,Yes,Expat,Occupied,87.3,119814.0,128375.0
637,Lavington,Apartment,Furnished,2,1,74.0,252335.0,11958.0,5.3,17.0,7.1,94.7,2,Yes,Yes,Family,Occupied,74.7,242131.0,252335.0
638,Runda,Apartment,Unfurnished,1,1,78.5,309466.0,1426.0,13.4,22.2,7.1,95.3,1,Yes,No,Student,Vacant,90.8,282963.0,309466.0
639,Karen,Maisonette,Unfurnished,1,1,91.2,306545.0,11317.0,6.9,19.0,6.9,90.7,2,No,No,Expat,Occupied,,295254.0,306545.0
640,Kilimani,Apartment,Unfurnished,6,6,69.8,295699.0,2204.0,5.8,9.6,7.2,78.7,4,No,Yes,Professional,Occupied,61.0,260622.0,295699.0
641,Karen,Bedsitter,Furnished,3,3,81.4,351892.0,2631.0,10.0,12.4,8.5,98.5,2,Yes,No,Family,Occupied,83.0,299766.0,351892.0
642,Ruaka,Townhouse,Semi-Furnished,6,5,100.0,274001.0,6200.0,5.7,6.8,7.1,93.9,3,No,No,Expat,Occupied,74.0,242734.0,274001.0
643,Embakasi,Maisonette,Unfurnished,1,1,92.8,104586.0,5741.0,5.3,10.6,7.2,86.2,2,Yes,No,Expat,Vacant,69.2,97624.0,104586.0
644,Embakasi,Apartment,Unfurnished,5,4,75.0,140055.0,3738.0,12.3,12.4,6.7,94.6,3,No,Yes,Family,Occupied,75.8,132470.0,140055.0
645,Kileleshwa,Maisonette,Unfurnished,5,4,100.3,294894.0,2358.0,21.1,11.5,7.6,82.9,2,No,Yes,Student,Occupied,59.2,276917.0,294894.0
646,Embakasi,Apartment,Semi-Furnished,2,3,89.5,113949.0,1685.0,21.0,20.1,6.4,96.1,2,No,No,Student,Occupied,57.5,107171.0,113949.0
647,Westlands,Apartment,Unfurnished,4,4,89.0,313287.0,3814.0,12.0,10.0,5.5,93.8,2,Yes,Yes,Student,Occupied,75.9,290868.0,313287.0
648,South C,Bedsitter,Semi-Furnished,2,2,77.3,148037.0,3468.0,10.2,6.4,7.5,94.2,2,No,No,Family,Vacant,79.3,141716.0,148037.0
649,Runda,Apartment,Semi-Furnished,3,4,84.9,478021.0,2311.0,7.4,6.8,9.4,95.2,3,Yes,No,Professional,Occupied,88.9,410545.0,478021.0
650,Umoja,Apartment,Unfurnished,4,5,73.4,89248.0,3365.0,2.5,15.9,6.7,93.2,3,No,Yes,Expat,Vacant,83.9,76755.0,89248.0
651,Karen,Bedsitter,Unfurnished,3,3,55.9,312130.0,4796.0,26.5,3.6,5.8,82.7,2,No,Yes,Family,Vacant,81.4,278120.0,312130.0
652,South C,Apartment,Semi-Furnished,3,2,80.8,161770.0,8509.0,5.3,10.8,9.3,90.7,2,No,Yes,Student,Occupied,87.7,155655.0,161770.0
653,South B,Apartment,Semi-Furnished,5,4,83.2,173059.0,4613.0,21.8,20.0,7.1,75.7,2,No,Yes,Student,Occupied,79.9,150407.0,173059.0
654,Kilimani,Apartment,Unfurnished,3,3,87.1,254576.0,3558.0,6.3,13.8,8.1,96.6,2,No,Yes,Expat,Occupied,71.6,244957.0,254576.0
655,Westlands,Maisonette,Semi-Furnished,1,1,103.2,248276.0,2261.0,4.1,11.6,6.1,80.0,1,No,No,Expat,Occupied,84.1,237366.0,248276.0
656,Roysambu,Bedsitter,Furnished,1,2,75.2,87188.0,2390.0,26.6,11.8,7.0,99.2,1,Yes,Yes,Expat,Occupied,83.8,80819.0,87188.0
657,Kasarani,Apartment,Semi-Furnished,6,6,79.5,143529.0,4682.0,16.0,5.8,8.7,86.0,2,Yes,Yes,Expat,Vacant,74.9,131110.0,143529.0
658,Karen,Apartment,Unfurnished,4,5,96.5,425628.0,4864.0,9.4,6.9,7.2,73.7,3,No,Yes,Expat,Occupied,63.0,392978.0,425628.0
659,South C,Apartment,Furnished,2,2,73.7,130619.0,3444.0,6.7,10.8,7.2,74.8,2,Yes,Yes,Family,Occupied,57.1,123835.0,130619.0
660,Roysambu,Apartment,Unfurnished,6,6,87.3,143568.0,7582.0,3.2,13.6,5.2,95.2,4,No,Yes,Student,Occupied,83.4,137147.0,143568.0
661,Kilimani,Maisonette,Unfurnished,3,3,78.9,225590.0,4193.0,15.3,17.7,7.9,84.6,2,No,Yes,Student,Occupied,79.8,194657.0,225590.0
662,Kileleshwa,Apartment,Unfurnished,4,3,81.3,286311.0,2863.0,7.3,12.6,6.1,81.2,2,No,Yes,Family,Occupied,81.2,264008.0,286311.0
663,Roysambu,Apartment,Unfurnished,2,2,96.4,107842.0,2544.0,25.3,20.1,8.3,86.6,2,No,Yes,Professional,Vacant,83.8,101471.0,107842.0
664,Westlands,Bedsitter,Semi-Furnished,3,3,79.4,262688.0,2427.0,7.3,21.6,7.2,94.4,2,No,Yes,Student,Vacant,66.0,238147.0,262688.0
665,Westlands,Bedsitter,Furnished,4,5,96.9,382592.0,5631.0,9.6,16.8,7.3,95.7,2,Yes,No,Professional,Occupied,56.2,369467.0,382592.0
666,Umoja,Bedsitter,Furnished,2,1,55.7,105905.0,2605.0,3.3,19.3,7.9,92.8,1,No,Yes,Professional,Occupied,80.2,94555.0,105905.0
667,Kileleshwa,Apartment,Semi-Furnished,3,2,63.6,197602.0,4339.0,17.8,6.1,7.5,85.1,3,No,Yes,Professional,Vacant,87.0,185146.0,197602.0
668,Kasarani,Apartment,Unfurnished,2,3,50.2,75678.0,2222.0,8.7,5.1,9.1,93.9,1,No,No,Professional,Occupied,78.5,67586.0,75678.0
669,Runda,Apartment,Semi-Furnished,2,1,67.5,335339.0,3580.0,11.3,15.1,8.9,92.7,1,Yes,No,Student,Occupied,60.1,298845.0,335339.0
670,Roysambu,Apartment,Semi-Furnished,4,4,112.9,150769.0,3873.0,8.9,4.0,5.5,92.5,3,No,Yes,Student,Occupied,77.4,130946.0,150769.0
671,Kileleshwa,Bedsitter,Semi-Furnished,5,4,84.7,301750.0,21055.0,2.4,10.3,6.8,87.5,4,Yes,Yes,Family,Vacant,63.8,283470.0,301750.0
672,Westlands,Maisonette,Unfurnished,2,3,74.2,227222.0,1612.0,12.5,16.6,8.0,91.6,1,Yes,No,Student,Occupied,59.6,206656.0,227222.0
673,Westlands,Maisonette,Furnished,3,2,96.7,311600.0,7087.0,14.4,20.5,5.9,95.1,1,No,Yes,Family,Occupied,74.9,265353.0,311600.0
674,South C,Maisonette,Furnished,3,4,98.9,211332.0,2350.0,11.3,10.5,5.1,95.2,1,Yes,Yes,Professional,Occupied,76.6,185530.0,211332.0
675,Embakasi,Apartment,Furnished,3,3,66.7,98218.0,10351.0,19.9,8.1,6.1,79.3,3,No,Yes,Family,Occupied,74.0,83497.0,98218.0
676,Kasarani,Bedsitter,Unfurnished,1,1,122.5,102650.0,2469.0,8.8,13.9,6.9,84.6,0,No,No,Family,Occupied,79.4,87802.0,102650.0
677,Roysambu,Apartment,Unfurnished,4,5,89.1,162172.0,8311.0,2.6,5.6,2.1,87.6,3,Yes,No,Student,Vacant,67.1,144589.0,162172.0
678,Umoja,Apartment,Semi-Furnished,4,4,91.0,93321.0,4700.0,8.7,11.0,5.7,90.6,2,No,Yes,Family,Vacant,75.9,87249.0,93321.0
679,Umoja,Apartment,Furnished,3,3,92.5,89158.0,1585.0,8.3,12.0,4.9,98.6,2,Yes,Yes,Professional,Vacant,70.1,77967.0,89158.0
680,Roysambu,Apartment,Semi-Furnished,2,1,92.4,127651.0,4624.0,11.5,11.8,8.4,81.0,1,No,Yes,Student,Occupied,72.5,112496.0,127651.0
681,Ruaka,Apartment,Furnished,3,3,75.7,222391.0,5773.0,4.3,12.5,8.1,95.0,1,Yes,Yes,Student,Occupied,77.7,198859.0,222391.0
682,Donholm,Townhouse,Unfurnished,4,5,116.7,120622.0,6071.0,29.7,7.0,7.3,94.7,3,Yes,No,Student,Occupied,85.6,106305.0,120622.0
683,Kilimani,Apartment,Unfurnished,2,2,80.7,284251.0,3409.0,9.1,7.6,7.1,85.8,2,No,Yes,Expat,Occupied,77.9,253334.0,284251.0
684,Umoja,Apartment,Semi-Furnished,3,2,99.4,91105.0,24742.0,7.6,7.5,7.7,81.0,2,No,No,Professional,Occupied,81.2,82232.0,91105.0
685,Kileleshwa,Apartment,Unfurnished,3,4,77.9,245702.0,15713.0,12.3,2.3,5.8,91.5,2,No,Yes,Family,Occupied,75.1,224921.0,245702.0
686,Kilimani,Maisonette,Semi-Furnished,2,2,75.2,215321.0,5098.0,6.5,14.1,8.5,88.8,2,Yes,Yes,Expat,Occupied,79.9,207698.0,215321.0
687,Kileleshwa,Bedsitter,Unfurnished,4,4,113.5,309577.0,1602.0,4.8,17.4,7.1,98.3,3,Yes,Yes,Student,Occupied,85.3,266911.0,309577.0
688,South B,Bedsitter,Unfurnished,6,6,83.4,214063.0,1998.0,2.7,16.8,8.1,90.9,4,No,No,Expat,Occupied,93.8,184564.0,214063.0
689,Westlands,Apartment,Semi-Furnished,1,2,84.5,221495.0,3333.0,10.3,10.4,8.1,92.9,1,No,Yes,Expat,Occupied,87.1,197921.0,221495.0
690,Embakasi,Bedsitter,Unfurnished,6,5,89.3,143292.0,3762.0,13.2,7.1,7.6,88.4,4,Yes,No,Family,Occupied,74.4,133895.0,143292.0
691,South C,Apartment,Semi-Furnished,4,5,124.0,221037.0,2257.0,3.5,16.5,7.4,90.0,2,No,Yes,Professional,Occupied,86.4,213723.0,221037.0
692,Umoja,Maisonette,Semi-Furnished,3,4,117.5,104032.0,2750.0,23.1,15.8,7.3,96.5,2,Yes,Yes,Expat,Occupied,80.5,100981.0,104032.0
693,Embakasi,Bedsitter,Furnished,6,5,104.3,157723.0,1000.0,5.1,13.3,6.9,84.5,4,Yes,No,Professional,Vacant,68.9,151521.0,157723.0
694,Embakasi,Apartment,Semi-Furnished,2,3,127.8,130640.0,886.0,6.8,22.5,7.6,87.2,2,No,Yes,Professional,Occupied,80.6,120519.0,130640.0
695,Embakasi,Apartment,Unfurnished,6,6,70.8,129881.0,4063.0,23.0,11.8,7.2,93.5,4,Yes,Yes,Student,Occupied,63.7,122731.0,129881.0
696,Donholm,Apartment,Unfurnished,3,3,94.8,100789.0,12267.0,9.3,10.5,6.4,97.7,2,Yes,Yes,Student,Vacant,80.6,94216.0,100789.0
697,Kilimani,Apartment,Unfurnished,4,5,86.1,257126.0,1359.0,13.4,9.6,7.7,75.4,3,Yes,Yes,Family,Occupied,92.5,226553.0,257126.0
698,Kileleshwa,Apartment,Unfurnished,2,2,58.5,204224.0,3466.0,4.8,2.6,7.3,91.5,2,No,No,Family,Occupied,83.2,173975.0,204224.0
699,Langata,Bedsitter,Unfurnished,2,3,91.9,158412.0,3972.0,9.9,16.0,8.5,88.4,1,Yes,Yes,Expat,Occupied,87.0,149302.0,158412.0
700,South B,Apartment,Furnished,2,2,77.6,127910.0,5224.0,8.3,11.4,4.8,95.3,1,No,No,Student,Occupied,71.2,116298.0,127910.0
701,Karen,Apartment,Semi-Furnished,6,6,108.0,519990.0,2815.0,1.4,15.1,7.0,86.8,3,No,No,Professional,Occupied,79.8,441147.0,519990.0
702,Embakasi,Apartment,Furnished,2,2,79.1,127365.0,1863.0,19.3,23.1,6.1,90.7,1,Yes,Yes,Professional,Occupied,82.0,108882.0,127365.0
703,Runda,Apartment,Unfurnished,3,2,78.2,381906.0,6324.0,15.5,9.7,6.4,89.7,3,No,Yes,Expat,Occupied,71.9,352687.0,381906.0
704,Kilimani,Maisonette,Unfurnished,6,6,108.0,376818.0,1025.0,3.4,0.0,7.7,96.7,4,No,No,Student,Occupied,81.8,349568.0,376818.0
705,Umoja,Apartment,Furnished,4,5,84.0,158814.0,5257.0,10.7,14.9,5.3,90.4,2,Yes,No,Family,Occupied,79.5,148936.0,158814.0
706,Kasarani,Bedsitter,Unfurnished,4,5,102.4,117874.0,2292.0,6.8,13.0,7.2,96.8,3,Yes,Yes,Expat,Occupied,81.9,111908.0,117874.0
707,Umoja,Maisonette,Unfurnished,5,4,91.4,109018.0,4773.0,8.1,7.6,7.0,87.4,2,Yes,No,Professional,Occupied,64.7,99197.0,109018.0
708,South C,Bedsitter,Unfurnished,5,5,91.6,206948.0,9067.0,15.3,14.4,5.7,87.0,4,No,No,Student,Occupied,87.8,191411.0,206948.0
709,Karen,Maisonette,Semi-Furnished,6,6,81.3,458288.0,2489.0,7.7,16.7,7.2,90.6,3,No,Yes,Family,Occupied,79.5,401399.0,458288.0
710,Langata,Apartment,Semi-Furnished,3,2,92.5,182552.0,3110.0,10.9,6.3,6.1,91.6,2,Yes,No,Family,Occupied,73.8,171325.0,182552.0
711,Runda,Townhouse,Furnished,3,2,83.0,421354.0,2998.0,12.2,10.2,9.6,88.9,3,No,Yes,Professional,Occupied,74.1,369463.0,421354.0
712,Umoja,Apartment,Semi-Furnished,2,3,72.9,70708.0,19830.0,7.7,20.9,8.4,96.0,2,No,No,Professional,Occupied,74.6,65884.0,70708.0
713,Langata,Apartment,Furnished,4,4,83.4,202064.0,3679.0,13.3,7.7,7.1,70.4,2,Yes,Yes,Professional,Occupied,66.7,180590.0,202064.0
714,Karen,Bedsitter,Unfurnished,6,5,104.3,493937.0,3563.0,15.1,12.4,6.5,94.0,4,No,Yes,Professional,Occupied,86.9,438757.0,493937.0
715,Embakasi,Townhouse,Furnished,3,4,93.0,111214.0,3787.0,16.1,0.0,7.6,87.5,2,Yes,No,Family,Occupied,84.6,98353.0,111214.0
716,Runda,Maisonette,Unfurnished,5,5,96.5,583940.0,10374.0,1.3,3.1,7.9,83.8,2,No,Yes,Student,Occupied,85.3,552816.0,583940.0
717,Langata,Apartment,Unfurnished,4,3,85.0,190466.0,2575.0,4.8,12.9,7.3,93.1,3,Yes,No,Family,Occupied,,177606.0,190466.0
718,South C,Apartment,Unfurnished,2,1,55.9,116197.0,7012.0,5.1,19.4,5.8,85.1,1,No,No,Professional,Vacant,76.9,108909.0,116197.0
719,Kileleshwa,Townhouse,Semi-Furnished,3,4,66.7,209296.0,2365.0,7.9,3.8,6.7,78.9,2,Yes,Yes,Student,Occupied,58.4,187470.0,209296.0
720,Westlands,Apartment,Unfurnished,4,5,80.7,310529.0,2253.0,7.4,12.4,7.1,88.4,3,No,Yes,Family,Occupied,81.3,298195.0,310529.0
721,Kileleshwa,Maisonette,Unfurnished,2,2,68.0,185423.0,5216.0,19.7,9.7,7.3,95.6,1,Yes,No,Student,Vacant,80.9,167389.0,185423.0
722,Karen,Maisonette,Furnished,5,6,77.1,420123.0,,1.9,17.7,7.4,96.1,3,No,Yes,Family,Occupied,90.5,402756.0,420123.0
723,Kilimani,Apartment,Semi-Furnished,4,5,76.6,250956.0,3077.0,18.5,4.7,7.9,71.5,2,Yes,No,Student,Occupied,85.8,232246.0,250956.0
724,Westlands,Apartment,Unfurnished,6,6,77.0,374161.0,3062.0,4.0,14.6,8.6,94.5,4,Yes,Yes,Family,Occupied,76.3,330238.0,374161.0
725,South B,Apartment,Furnished,3,4,106.6,179587.0,6277.0,7.3,8.1,8.2,86.1,2,Yes,No,Family,Occupied,73.6,164474.0,179587.0
726,South C,Apartment,Furnished,4,4,84.2,207418.0,3994.0,6.0,13.3,7.7,72.2,2,Yes,Yes,Expat,Occupied,85.0,193478.0,207418.0
727,South B,Maisonette,Semi-Furnished,6,6,99.0,199995.0,6477.0,7.9,12.4,5.5,92.9,4,No,Yes,Professional,Vacant,48.5,178188.0,199995.0
728,Donholm,Apartment,Furnished,3,3,87.5,153238.0,1290.0,3.3,10.5,8.4,95.3,2,No,Yes,Expat,Occupied,77.4,134297.0,153238.0
729,Runda,Maisonette,Unfurnished,6,6,106.2,601242.0,1944.0,9.0,14.9,8.0,92.3,4,No,Yes,Family,Vacant,84.5,562861.0,601242.0
730,Roysambu,Apartment,Semi-Furnished,5,5,100.3,161676.0,3854.0,6.3,12.3,6.7,89.7,3,No,Yes,Professional,Occupied,73.8,150409.0,161676.0
731,Westlands,Townhouse,Unfurnished,2,3,76.1,258324.0,5521.0,11.1,11.2,7.0,87.7,2,Yes,No,Family,Occupied,71.2,229409.0,258324.0
732,South B,Apartment,Unfurnished,5,5,114.4,299709.0,3674.0,14.5,9.9,7.1,97.6,3,Yes,Yes,Expat,Vacant,77.9,255118.0,299709.0
733,Umoja,Apartment,Unfurnished,4,5,78.2,92416.0,4255.0,5.8,12.5,6.5,95.2,2,No,Yes,Student,Vacant,88.5,87014.0,92416.0
734,South B,Apartment,Unfurnished,2,2,88.0,114396.0,6152.0,31.3,13.3,,91.6,2,No,Yes,Student,Occupied,79.5,101402.0,114396.0
735,Langata,Maisonette,Unfurnished,2,1,90.7,166086.0,1681.0,5.7,6.1,5.7,88.1,2,No,No,Professional,Occupied,68.2,142442.0,166086.0
736,Kileleshwa,Bedsitter,Semi-Furnished,1,1,92.3,207736.0,6152.0,2.7,9.9,5.9,86.0,1,Yes,No,Expat,Vacant,87.2,188972.0,207736.0
737,Langata,Maisonette,Unfurnished,6,5,96.9,219745.0,8395.0,16.5,5.7,4.6,82.9,4,Yes,Yes,Expat,Vacant,89.1,203935.0,219745.0
738,Donholm,Apartment,Unfurnished,2,2,73.6,76220.0,3165.0,14.5,11.8,5.7,95.9,1,Yes,No,Family,Occupied,66.9,67450.0,76220.0
739,Westlands,Apartment,Unfurnished,3,4,95.7,288340.0,2202.0,19.3,8.4,8.4,91.4,2,Yes,No,Professional,Occupied,100.0,278666.0,288340.0
740,Westlands,Apartment,Unfurnished,2,2,93.7,272745.0,7496.0,13.9,16.6,7.6,91.5,1,No,Yes,Student,Occupied,75.0,251605.0,272745.0
741,Donholm,Apartment,Semi-Furnished,3,3,85.0,109520.0,13409.0,7.5,16.0,5.8,84.5,2,Yes,No,Expat,Occupied,84.5,102480.0,109520.0
742,Karen,Apartment,Semi-Furnished,4,4,82.2,377164.0,4462.0,8.8,6.5,6.2,84.7,2,No,Yes,Family,Occupied,82.3,354580.0,377164.0
743,Langata,Townhouse,Unfurnished,5,5,72.9,196073.0,2169.0,2.2,12.0,8.5,96.1,2,No,No,Professional,Occupied,68.0,185506.0,196073.0
744,Lavington,Townhouse,Furnished,2,3,92.2,270421.0,,15.6,15.8,8.4,97.1,2,No,Yes,Expat,Vacant,70.5,237095.0,270421.0
745,Umoja,Townhouse,Unfurnished,4,4,75.1,96590.0,2245.0,6.6,10.9,7.1,93.7,2,No,No,Expat,Occupied,75.7,82326.0,96590.0
746,Kasarani,Maisonette,Semi-Furnished,3,2,88.6,100565.0,6643.0,21.4,7.6,8.4,97.4,2,Yes,Yes,Student,Occupied,56.3,92455.0,100565.0
747,Kileleshwa,Apartment,Furnished,1,1,83.5,191492.0,3884.0,6.9,5.4,6.1,95.6,1,No,Yes,Expat,Vacant,83.2,184594.0,191492.0
748,Westlands,Apartment,Furnished,5,4,65.0,301414.0,2102.0,7.1,17.1,7.3,80.4,2,Yes,No,Student,Vacant,56.0,264901.0,301414.0
749,Karen,Apartment,Furnished,6,6,71.0,437682.0,4627.0,6.1,17.4,5.2,98.1,4,No,No,Expat,Vacant,75.1,394049.0,437682.0
750,Roysambu,Maisonette,Unfurnished,2,3,91.1,125979.0,2543.0,14.1,10.8,6.6,97.9,2,Yes,No,Family,Occupied,68.3,110649.0,125979.0
751,Umoja,Apartment,Semi-Furnished,4,5,77.1,94377.0,1603.0,2.9,16.6,7.0,97.2,2,No,No,Family,Occupied,80.8,83728.0,94377.0
752,Langata,Apartment,Unfurnished,4,5,76.6,188235.0,6847.0,5.6,0.0,5.0,83.9,2,Yes,No,Family,Vacant,,161462.0,188235.0
753,Kileleshwa,Apartment,Unfurnished,5,5,73.5,264239.0,4959.0,21.8,20.0,7.7,89.0,2,Yes,No,Professional,Occupied,58.4,251401.0,264239.0
754,Roysambu,Apartment,Furnished,3,4,74.0,102091.0,2897.0,8.1,11.1,7.9,99.2,2,No,Yes,Professional,Occupied,69.0,96734.0,102091.0
755,Langata,Maisonette,Unfurnished,5,4,109.6,224943.0,9803.0,15.1,12.9,8.2,95.9,3,No,Yes,Family,Occupied,80.2,208042.0,224943.0
756,South B,Maisonette,Unfurnished,2,3,68.2,128613.0,2386.0,9.1,10.1,9.8,98.4,2,No,Yes,Family,Occupied,77.2,116528.0,128613.0
757,Roysambu,Apartment,Unfurnished,5,5,107.1,209866.0,2968.0,19.8,20.4,7.5,97.9,3,No,No,Family,Occupied,85.5,179548.0,209866.0
758,Donholm,Townhouse,Furnished,2,2,80.0,86919.0,5232.0,10.2,5.6,6.9,85.7,2,No,Yes,Student,Occupied,76.1,74542.0,86919.0
759,Ruaka,Bedsitter,Unfurnished,2,3,75.2,125175.0,7431.0,43.6,20.8,5.1,94.1,2,Yes,Yes,Family,Occupied,74.8,107837.0,125175.0
760,Karen,Apartment,Unfurnished,3,3,90.8,382621.0,5291.0,7.3,14.4,7.5,87.5,1,No,Yes,Professional,Occupied,64.3,359816.0,382621.0
761,Kileleshwa,Apartment,Furnished,1,2,85.8,185514.0,2711.0,19.8,15.7,7.7,99.9,1,No,No,Student,Occupied,72.8,162810.0,185514.0
762,Embakasi,Apartment,Furnished,3,4,82.0,109302.0,3408.0,0.7,10.0,5.4,92.0,2,No,Yes,Family,Occupied,74.8,100505.0,109302.0
763,Ruaka,Apartment,Unfurnished,2,1,88.3,179205.0,2561.0,1.6,4.2,6.7,99.2,2,No,Yes,Professional,Occupied,54.5,153209.0,179205.0
764,Runda,Townhouse,Furnished,2,2,85.6,367434.0,3189.0,8.8,17.6,7.0,95.7,2,No,Yes,Student,Occupied,66.1,345925.0,367434.0
765,Runda,Apartment,Unfurnished,2,1,81.8,396005.0,3362.0,3.5,13.9,7.6,97.7,1,No,Yes,Student,Vacant,79.6,376721.0,396005.0
766,Kileleshwa,Maisonette,Semi-Furnished,2,2,99.0,229234.0,5385.0,14.5,20.2,8.0,95.6,2,No,Yes,Professional,Occupied,76.8,198238.0,229234.0
767,Roysambu,Apartment,Unfurnished,5,6,63.3,192713.0,2482.0,22.6,10.8,6.4,96.0,3,No,Yes,Professional,Occupied,72.5,169413.0,192713.0
768,Langata,Apartment,Unfurnished,5,5,71.3,190735.0,7851.0,9.6,9.5,7.2,90.3,3,No,Yes,Student,Occupied,68.9,165394.0,190735.0
769,Karen,Apartment,Furnished,4,5,73.2,379549.0,3954.0,12.5,20.3,7.7,94.1,3,No,No,Professional,Vacant,57.6,360209.0,379549.0
770,Kasarani,Apartment,Furnished,3,3,69.1,85918.0,2213.0,14.6,23.5,6.8,93.6,2,Yes,No,Student,Occupied,53.2,73894.0,85918.0
771,Runda,Apartment,Unfurnished,4,3,86.3,453017.0,5282.0,13.6,12.1,6.5,94.2,2,Yes,Yes,Student,Vacant,71.9,400318.0,453017.0
772,Karen,Townhouse,Unfurnished,1,1,92.6,342782.0,3699.0,5.2,7.5,7.9,97.9,0,Yes,No,Student,Occupied,89.9,303957.0,342782.0
773,Runda,Apartment,Unfurnished,3,4,55.6,338644.0,2916.0,10.3,16.9,6.8,86.5,2,No,No,Student,Occupied,75.4,303068.0,338644.0
774,South B,Bedsitter,Semi-Furnished,6,5,77.9,176523.0,10846.0,12.4,10.5,5.6,92.7,3,Yes,No,Family,Occupied,85.2,154205.0,176523.0
775,Langata,Apartment,Semi-Furnished,1,2,80.2,141238.0,3233.0,3.8,15.6,8.6,96.8,1,No,Yes,Professional,Occupied,63.2,129298.0,141238.0
776,South B,Apartment,Furnished,1,2,80.7,113971.0,2928.0,10.7,10.4,5.7,95.2,1,No,Yes,Family,Occupied,77.8,108552.0,113971.0
777,Umoja,Apartment,Unfurnished,6,6,65.7,99892.0,7883.0,15.5,21.4,6.9,81.0,4,No,No,Family,Occupied,68.0,89921.0,99892.0
778,Runda,Bedsitter,Furnished,5,5,80.3,520370.0,5726.0,13.2,7.8,7.4,96.1,3,Yes,Yes,Family,Occupied,67.6,455580.0,520370.0
779,Embakasi,Apartment,Semi-Furnished,6,6,71.3,143624.0,6823.0,6.2,14.9,7.5,94.7,3,Yes,Yes,Family,Occupied,82.4,136389.0,143624.0
780,Embakasi,Apartment,Unfurnished,3,2,80.0,130539.0,2713.0,23.5,9.1,7.2,86.4,1,No,Yes,Student,Occupied,73.8,122733.0,130539.0
781,South B,Bedsitter,Unfurnished,5,5,59.2,169060.0,4694.0,11.8,10.3,3.5,93.3,3,No,No,Student,Occupied,61.1,149020.0,169060.0
782,Donholm,Apartment,Semi-Furnished,5,4,80.1,163274.0,1525.0,2.2,9.5,6.2,93.0,3,No,Yes,Student,Occupied,76.0,152529.0,163274.0
783,Ruaka,Apartment,Semi-Furnished,4,5,74.2,189095.0,1049.0,18.1,16.4,7.4,90.6,2,No,Yes,Expat,Occupied,67.8,179154.0,189095.0
784,Embakasi,Apartment,Unfurnished,4,5,81.1,136297.0,2661.0,5.8,17.5,,86.2,2,No,No,Student,Occupied,60.6,117153.0,136297.0
785,Runda,Townhouse,Unfurnished,4,3,89.5,475210.0,4159.0,6.4,15.3,7.6,98.2,2,Yes,No,Family,Occupied,65.0,450806.0,475210.0
786,Kileleshwa,Bedsitter,Semi-Furnished,4,4,84.3,273416.0,21593.0,6.0,11.4,8.2,81.3,3,No,Yes,Expat,Occupied,95.5,252783.0,273416.0
787,South B,Apartment,Unfurnished,4,3,96.9,173315.0,9651.0,4.2,12.8,7.6,86.8,2,No,Yes,Expat,Occupied,87.1,158384.0,173315.0
788,Umoja,Apartment,Unfurnished,4,5,79.6,166351.0,,21.4,17.4,6.1,97.3,2,Yes,No,Expat,Occupied,54.9,151033.0,166351.0
789,Kasarani,Townhouse,Semi-Furnished,6,6,94.3,132450.0,7427.0,10.4,17.6,6.4,93.5,4,No,Yes,Student,Occupied,73.1,122164.0,132450.0
790,Kasarani,Bedsitter,Semi-Furnished,3,4,101.9,127450.0,1569.0,7.6,0.0,9.0,95.6,1,No,No,Family,Occupied,73.8,109223.0,127450.0
791,Kilimani,Apartment,Unfurnished,3,4,89.1,247244.0,11768.0,3.9,10.4,6.8,96.4,2,Yes,No,Student,Occupied,72.3,219034.0,247244.0
792,Ruaka,Maisonette,Unfurnished,3,2,84.7,187819.0,2825.0,16.7,10.7,6.9,73.3,1,No,Yes,Professional,Occupied,68.4,173277.0,187819.0
793,Roysambu,Apartment,Furnished,5,6,91.2,158170.0,2691.0,15.3,16.0,7.6,83.5,2,No,Yes,Expat,Vacant,82.5,145960.0,158170.0
794,Langata,Apartment,Unfurnished,3,2,89.6,180613.0,8219.0,16.8,11.6,8.5,90.3,2,No,Yes,Professional,Vacant,84.4,163386.0,180613.0
795,Embakasi,Bedsitter,Unfurnished,4,4,100.0,125621.0,2721.0,15.5,16.3,5.9,96.7,2,Yes,No,Expat,Vacant,85.5,121367.0,125621.0
796,Embakasi,Apartment,Semi-Furnished,3,4,96.9,117942.0,13681.0,9.6,5.5,6.4,82.8,2,Yes,Yes,Expat,Occupied,78.3,100891.0,117942.0
797,Roysambu,Townhouse,Unfurnished,4,5,97.1,133347.0,2700.0,12.2,13.6,5.1,95.2,3,Yes,Yes,Professional,Occupied,81.1,125386.0,133347.0
798,Westlands,Maisonette,Unfurnished,5,5,85.7,320274.0,7489.0,19.0,17.4,6.6,94.8,3,Yes,Yes,Professional,Occupied,71.6,282270.0,320274.0
799,Umoja,Bedsitter,Furnished,2,1,90.1,77595.0,4364.0,15.7,3.2,7.7,95.8,1,Yes,Yes,Student,Occupied,59.2,67671.0,77595.0
800,Lavington,Apartment,Semi-Furnished,4,5,89.8,315814.0,6471.0,13.7,27.1,6.6,92.6,3,No,Yes,Professional,Occupied,59.0,273644.0,315814.0
801,South B,Apartment,Semi-Furnished,4,4,66.9,148494.0,1987.0,16.1,19.1,9.1,87.1,3,No,Yes,Professional,Occupied,66.5,140773.0,148494.0
802,Donholm,Apartment,Unfurnished,6,6,101.0,153501.0,1115.0,4.8,12.0,7.1,85.4,4,No,No,Family,Occupied,73.0,138227.0,153501.0
803,Umoja,Maisonette,Unfurnished,3,2,60.0,100425.0,2086.0,4.6,7.0,6.9,92.8,2,No,Yes,Professional,Vacant,62.2,96326.0,100425.0
804,South C,Apartment,Semi-Furnished,3,2,95.7,180860.0,3033.0,10.5,10.9,6.6,81.9,2,Yes,Yes,Student,Occupied,63.7,157171.0,180860.0
805,Embakasi,Apartment,Unfurnished,5,4,89.0,145153.0,3498.0,5.9,12.5,5.4,93.7,2,No,No,Expat,Occupied,71.2,131603.0,145153.0
806,Langata,Maisonette,Unfurnished,5,4,80.7,202160.0,2867.0,17.0,14.6,6.9,95.6,3,No,No,Expat,Vacant,83.6,191844.0,202160.0
807,Kilimani,Apartment,Unfurnished,1,1,90.9,213747.0,902.0,7.8,21.0,7.4,91.9,1,No,No,Family,Occupied,78.3,187859.0,213747.0
808,Kasarani,Bedsitter,Semi-Furnished,6,6,91.3,155234.0,2573.0,5.1,9.1,6.9,87.1,3,Yes,Yes,Student,Vacant,66.4,143779.0,155234.0
809,Embakasi,Apartment,Semi-Furnished,4,4,65.4,147014.0,4137.0,23.0,15.4,7.3,85.4,2,No,Yes,Expat,Vacant,75.5,140391.0,147014.0
810,Kilimani,Townhouse,Semi-Furnished,2,1,106.2,245868.0,3394.0,4.7,4.2,6.2,91.9,2,Yes,No,Family,Occupied,61.7,223687.0,245868.0
811,Runda,Apartment,Unfurnished,3,2,86.1,410801.0,3096.0,8.0,9.5,5.5,91.4,2,No,No,Expat,Occupied,66.4,385624.0,410801.0
812,Umoja,Apartment,Furnished,2,1,119.7,117563.0,2916.0,13.3,14.3,6.9,71.2,2,No,No,Student,Occupied,58.4,100264.0,117563.0
813,Runda,Apartment,Unfurnished,6,5,96.8,577980.0,4186.0,3.8,16.1,7.3,83.3,3,Yes,No,Professional,Occupied,79.3,533092.0,577980.0
814,Lavington,Apartment,Furnished,4,5,85.7,319505.0,1933.0,3.4,7.5,6.8,93.9,2,Yes,Yes,Family,Occupied,72.2,286328.0,319505.0
815,Kileleshwa,Maisonette,Semi-Furnished,3,2,74.6,202589.0,3389.0,28.0,9.4,7.2,97.9,1,No,No,Professional,Occupied,73.4,172820.0,202589.0
816,South C,Maisonette,Unfurnished,3,4,83.3,165237.0,3025.0,8.4,20.8,7.9,96.4,2,No,No,Student,Occupied,83.1,151725.0,165237.0
817,Umoja,Bedsitter,Unfurnished,2,1,87.2,83436.0,1679.0,9.6,19.0,7.9,93.3,1,No,Yes,Student,Occupied,65.0,76991.0,83436.0
818,Westlands,Apartment,Furnished,2,3,107.0,290112.0,3544.0,12.7,13.3,8.0,97.5,2,Yes,Yes,Expat,Occupied,79.7,275154.0,290112.0
819,Lavington,Apartment,Semi-Furnished,4,5,103.4,354926.0,1002.0,7.1,0.0,8.2,87.2,2,Yes,Yes,Expat,Occupied,94.8,303162.0,354926.0
820,Karen,Apartment,Unfurnished,2,1,91.8,335907.0,2502.0,10.1,27.1,7.6,95.4,2,Yes,Yes,Family,Occupied,65.2,292065.0,335907.0
821,Westlands,Bedsitter,Semi-Furnished,4,4,111.5,350777.0,5094.0,2.1,11.9,7.4,88.2,3,No,Yes,Expat,Occupied,59.4,329941.0,350777.0
822,Ruaka,Maisonette,Semi-Furnished,3,3,54.8,173764.0,5369.0,13.7,10.1,9.3,92.1,3,Yes,No,Expat,Occupied,62.4,160907.0,173764.0
823,South B,Apartment,Unfurnished,6,6,91.9,209847.0,4061.0,10.9,8.9,7.9,96.2,4,Yes,No,Student,Vacant,78.9,179781.0,209847.0
824,Langata,Apartment,Furnished,2,2,103.8,167301.0,4710.0,15.6,14.3,6.0,94.8,1,No,No,Student,Occupied,92.5,150641.0,167301.0
825,Umoja,Bedsitter,Semi-Furnished,1,1,93.2,81781.0,6210.0,6.8,14.3,4.8,88.4,2,No,Yes,Family,Occupied,92.1,73448.0,81781.0
826,Karen,Maisonette,Semi-Furnished,6,5,65.0,412925.0,4330.0,16.6,17.7,6.7,92.0,3,No,Yes,Professional,Occupied,83.4,366321.0,412925.0
827,Karen,Maisonette,Semi-Furnished,5,4,105.8,507723.0,9169.0,3.0,6.4,7.7,93.3,3,No,No,Family,Occupied,83.8,443688.0,507723.0
828,Lavington,Maisonette,Semi-Furnished,1,1,96.4,266174.0,911.0,4.1,10.1,8.2,87.8,2,No,Yes,Student,Vacant,79.6,227326.0,266174.0
829,Roysambu,Apartment,Furnished,5,4,90.1,132453.0,7168.0,7.1,24.2,5.5,92.0,3,Yes,Yes,Student,Occupied,82.3,115143.0,132453.0
830,Ruaka,Apartment,Semi-Furnished,2,1,86.3,231888.0,878.0,7.9,13.3,7.9,84.6,2,No,No,Family,Occupied,78.0,198164.0,231888.0
831,Kileleshwa,Maisonette,Furnished,1,1,114.9,266339.0,2595.0,9.2,11.0,8.4,87.6,0,No,Yes,Family,Occupied,67.0,230978.0,266339.0
832,Umoja,Bedsitter,Unfurnished,4,5,91.7,106062.0,6710.0,11.8,6.4,7.7,94.9,3,No,Yes,Professional,Occupied,92.1,102281.0,106062.0
833,Roysambu,Apartment,Semi-Furnished,5,6,81.4,142176.0,6211.0,3.4,15.0,7.5,95.9,4,No,Yes,Student,Vacant,88.4,135712.0,142176.0
834,Lavington,Maisonette,Semi-Furnished,3,2,72.8,269276.0,2041.0,11.8,18.2,6.8,78.6,2,No,No,Expat,Vacant,67.2,231588.0,269276.0
835,South B,Maisonette,Unfurnished,4,3,96.4,159776.0,3891.0,21.6,17.2,6.4,89.6,3,No,Yes,Student,Occupied,81.5,154499.0,159776.0
836,Kasarani,Bedsitter,Unfurnished,6,6,99.8,161133.0,2653.0,13.5,10.4,7.9,95.5,4,No,Yes,Expat,Occupied,89.6,140222.0,161133.0
837,Embakasi,Bedsitter,Furnished,4,5,85.8,142738.0,7282.0,15.6,14.2,7.7,98.9,2,No,No,Expat,Occupied,79.2,123318.0,142738.0
838,Embakasi,Apartment,Unfurnished,3,2,76.6,113439.0,3812.0,3.9,22.0,6.6,98.6,2,No,Yes,Expat,Occupied,72.9,103851.0,113439.0
839,Kileleshwa,Apartment,Semi-Furnished,2,3,105.0,271366.0,2556.0,5.4,18.4,10.0,98.0,2,Yes,Yes,Professional,Vacant,89.3,250516.0,271366.0
840,South B,Apartment,Furnished,2,2,71.7,136975.0,5257.0,14.1,7.3,5.2,92.5,1,No,No,Family,Occupied,77.6,129324.0,136975.0
841,Donholm,Maisonette,Unfurnished,2,2,114.5,115800.0,6035.0,7.6,0.0,6.7,88.4,2,No,Yes,Expat,Occupied,68.7,111632.0,115800.0
842,Kileleshwa,Maisonette,Unfurnished,5,5,74.0,266020.0,3510.0,9.7,13.8,6.1,97.0,3,Yes,Yes,Family,Occupied,63.5,232981.0,266020.0
843,Umoja,Maisonette,Semi-Furnished,3,4,65.8,95971.0,6357.0,7.0,16.8,7.5,90.9,2,Yes,No,Expat,Occupied,45.7,92186.0,95971.0
844,Umoja,Apartment,Semi-Furnished,3,2,67.7,85753.0,12006.0,4.8,5.5,4.7,91.9,2,No,Yes,Professional,Occupied,94.7,73187.0,85753.0
845,Kilimani,Maisonette,Unfurnished,4,3,68.4,239399.0,938.0,11.2,11.9,8.5,91.9,3,Yes,No,Expat,Vacant,66.6,222798.0,239399.0
846,Roysambu,Maisonette,Semi-Furnished,2,1,81.5,121372.0,9360.0,12.4,10.4,8.2,94.5,3,No,Yes,Family,Occupied,84.6,105620.0,121372.0
847,Donholm,Bedsitter,Unfurnished,3,4,78.0,106684.0,,5.7,12.6,7.3,97.2,2,Yes,Yes,Professional,Occupied,65.8,102684.0,106684.0
848,Embakasi,Maisonette,Semi-Furnished,6,6,100.4,159122.0,5510.0,4.6,8.7,6.6,97.4,3,No,Yes,Family,Occupied,76.7,143296.0,159122.0
849,Karen,Maisonette,Unfurnished,3,3,98.2,451936.0,3233.0,7.1,19.7,7.9,88.4,2,No,Yes,Family,Occupied,79.5,417545.0,451936.0
850,Roysambu,Apartment,Unfurnished,4,5,81.6,123639.0,1351.0,5.8,12.9,7.4,78.2,2,No,Yes,Family,Vacant,62.6,119516.0,123639.0
851,South C,Apartment,Unfurnished,4,4,131.6,222415.0,4145.0,1.7,6.7,8.1,91.4,2,Yes,Yes,Expat,Occupied,84.6,197112.0,222415.0
852,Umoja,Apartment,Unfurnished,3,3,81.4,93707.0,3036.0,10.1,17.5,6.9,89.6,2,Yes,Yes,Professional,Occupied,73.0,79991.0,93707.0
853,Ruaka,Apartment,Unfurnished,6,5,83.4,247036.0,1520.0,14.3,4.4,6.8,85.3,3,Yes,No,Professional,Occupied,80.5,239465.0,247036.0
854,Langata,Bedsitter,Semi-Furnished,4,5,65.8,174329.0,2541.0,5.2,19.7,8.3,87.3,2,No,Yes,Professional,Vacant,89.5,162838.0,174329.0
855,South B,Maisonette,Semi-Furnished,4,3,83.8,187747.0,3913.0,18.7,17.9,7.8,89.8,3,Yes,Yes,Student,Occupied,82.4,165337.0,187747.0
856,Westlands,Apartment,Semi-Furnished,1,1,89.5,214890.0,4859.0,14.6,20.3,6.8,79.4,1,No,No,Student,Occupied,74.1,185140.0,214890.0
857,Kileleshwa,Apartment,Unfurnished,3,4,67.2,228645.0,1964.0,5.8,11.1,7.4,85.2,2,No,Yes,Professional,Occupied,94.4,215984.0,228645.0
858,Umoja,Bedsitter,Unfurnished,2,3,77.5,85912.0,760.0,3.1,9.0,7.2,97.8,2,Yes,No,Expat,Vacant,74.6,82560.0,85912.0
859,Roysambu,Apartment,Semi-Furnished,2,2,89.9,111636.0,3365.0,6.6,12.5,7.6,93.8,1,Yes,No,Student,Occupied,75.9,108248.0,111636.0
860,Donholm,Apartment,Furnished,3,3,77.1,124988.0,2116.0,6.0,11.5,8.5,96.5,2,Yes,No,Expat,Vacant,73.4,117660.0,124988.0
861,Langata,Apartment,Semi-Furnished,6,6,74.0,273007.0,2965.0,5.0,8.1,6.6,86.8,4,No,Yes,Expat,Occupied,62.7,262331.0,273007.0
862,Ruaka,Apartment,Unfurnished,5,5,96.7,249173.0,960.0,7.8,8.7,6.2,98.8,3,Yes,No,Student,Occupied,61.6,229884.0,249173.0
863,Roysambu,Apartment,Semi-Furnished,2,1,65.8,111128.0,3215.0,4.6,9.8,7.3,82.8,1,Yes,No,Family,Occupied,69.5,101393.0,111128.0
864,Westlands,Apartment,Unfurnished,3,2,68.7,250371.0,5222.0,9.6,5.0,6.4,94.9,1,Yes,No,Family,Vacant,64.9,227200.0,250371.0
865,Langata,Apartment,Unfurnished,2,3,87.7,156175.0,2950.0,13.1,16.1,5.9,90.3,1,No,No,Family,Vacant,72.2,148548.0,156175.0
866,South C,Maisonette,Furnished,4,4,97.7,202647.0,4326.0,4.2,11.7,8.2,84.9,3,No,No,Student,Occupied,83.3,184292.0,202647.0
867,Westlands,Apartment,Semi-Furnished,4,4,89.6,317299.0,3275.0,7.3,10.1,6.7,90.3,2,No,No,Expat,Occupied,70.9,307651.0,317299.0
868,Lavington,Maisonette,Semi-Furnished,5,5,81.6,338734.0,1013.0,1.4,5.3,4.8,97.0,3,Yes,Yes,Student,Occupied,77.2,317787.0,338734.0
869,Runda,Apartment,Semi-Furnished,3,2,80.4,436820.0,4259.0,9.3,5.0,8.0,84.5,2,Yes,No,Professional,Occupied,69.9,402464.0,436820.0
870,Lavington,Apartment,Furnished,2,3,100.2,290171.0,2323.0,9.8,23.6,6.5,90.2,2,Yes,Yes,Expat,Occupied,,276946.0,290171.0
871,Embakasi,Maisonette,Furnished,4,3,97.9,139068.0,1592.0,4.7,8.2,7.7,88.6,2,No,Yes,Student,Occupied,90.1,120709.0,139068.0
872,Roysambu,Apartment,Unfurnished,6,6,85.7,145462.0,6469.0,11.4,15.7,8.3,97.5,4,Yes,No,Expat,Occupied,72.5,137205.0,145462.0
873,Umoja,Apartment,Semi-Furnished,2,3,80.8,90251.0,4859.0,2.7,13.0,7.2,82.6,2,No,No,Student,Vacant,77.7,78943.0,90251.0
874,Umoja,Bedsitter,Semi-Furnished,3,2,85.5,88846.0,2621.0,10.8,0.0,,94.1,3,Yes,No,Professional,Occupied,61.6,80689.0,88846.0
875,Umoja,Bedsitter,Unfurnished,4,3,74.1,100128.0,3610.0,1.4,22.8,4.6,99.6,2,No,No,Professional,Occupied,72.9,90864.0,100128.0
876,Ruaka,Apartment,Unfurnished,3,4,82.7,188642.0,4502.0,12.5,16.1,6.2,87.4,2,Yes,No,Professional,Occupied,69.0,167417.0,188642.0
877,Runda,Apartment,Furnished,5,4,77.7,475910.0,1225.0,9.6,7.4,6.9,96.6,3,No,Yes,Family,Occupied,82.4,459089.0,475910.0
878,Lavington,Bedsitter,Unfurnished,2,1,83.5,307632.0,1811.0,3.5,11.8,8.4,93.7,1,No,Yes,Professional,Occupied,65.7,295285.0,307632.0
879,Runda,Apartment,Semi-Furnished,3,4,78.2,391070.0,1873.0,11.4,5.1,7.3,94.0,1,No,Yes,Family,Vacant,91.6,362429.0,391070.0
880,Kasarani,Bedsitter,Unfurnished,4,5,92.9,119382.0,5701.0,4.5,23.0,10.0,94.4,3,No,Yes,Expat,Occupied,74.3,109272.0,119382.0
881,Roysambu,Maisonette,Unfurnished,4,4,97.3,143332.0,12038.0,8.6,6.6,5.2,96.7,3,No,No,Expat,Occupied,66.3,130957.0,143332.0
882,Runda,Townhouse,Unfurnished,4,3,79.3,423545.0,6087.0,21.8,8.9,7.1,87.5,3,No,No,Expat,Vacant,75.3,374311.0,423545.0
883,Karen,Apartment,Semi-Furnished,5,6,72.8,393142.0,4369.0,20.3,7.6,6.5,86.6,3,Yes,Yes,Student,Occupied,82.4,381652.0,393142.0
884,Kileleshwa,Maisonette,Unfurnished,3,2,95.7,263278.0,1960.0,12.1,12.5,7.3,92.9,2,Yes,Yes,Student,Occupied,80.2,224283.0,263278.0
885,Kileleshwa,Apartment,Furnished,4,3,87.8,262351.0,6758.0,17.6,20.2,9.1,92.7,3,No,Yes,Family,Occupied,76.6,248398.0,262351.0
886,Karen,Apartment,Furnished,3,4,79.5,381142.0,3122.0,1.6,22.7,9.2,87.8,3,No,Yes,Family,Occupied,83.8,357111.0,381142.0
887,Langata,Apartment,Semi-Furnished,5,5,105.6,216601.0,1982.0,17.6,9.6,7.1,93.1,3,No,Yes,Family,Occupied,83.2,185789.0,216601.0
888,Kilimani,Maisonette,Furnished,1,2,76.5,207899.0,6673.0,7.0,14.3,8.0,82.2,1,No,Yes,Student,Occupied,83.2,201682.0,207899.0
889,Ruaka,Apartment,Semi-Furnished,3,4,55.1,158589.0,10208.0,8.5,12.5,7.3,91.7,1,No,Yes,Student,Occupied,72.2,134546.0,158589.0
890,Langata,Apartment,Unfurnished,2,1,74.4,141004.0,6749.0,6.6,6.1,5.7,76.0,2,Yes,No,Expat,Occupied,72.2,136184.0,141004.0
891,Westlands,Apartment,Unfurnished,4,4,109.3,340858.0,21268.0,8.3,26.5,7.0,95.0,2,No,Yes,Professional,Occupied,,325220.0,340858.0
892,Donholm,Maisonette,Semi-Furnished,2,3,80.2,97948.0,2366.0,6.2,20.2,6.4,91.4,1,No,No,Professional,Vacant,70.1,91882.0,97948.0
893,Ruaka,Maisonette,Semi-Furnished,3,2,77.3,172087.0,2898.0,26.5,13.1,6.9,95.8,2,No,No,Student,Occupied,76.1,157041.0,172087.0
894,Ruaka,Maisonette,Semi-Furnished,2,3,85.4,181104.0,2172.0,6.2,21.5,6.0,86.3,2,Yes,Yes,Professional,Occupied,74.9,163486.0,181104.0
895,Westlands,Apartment,Semi-Furnished,6,5,100.2,388820.0,2163.0,6.9,19.3,7.2,94.5,4,No,No,Expat,Occupied,91.6,371825.0,388820.0
896,Runda,Apartment,Furnished,3,4,83.8,427389.0,10700.0,3.7,12.5,7.4,91.7,2,Yes,No,Professional,Occupied,70.0,410536.0,427389.0
897,Lavington,Bedsitter,Unfurnished,6,6,93.9,384702.0,1853.0,13.3,14.0,7.8,78.3,4,Yes,Yes,Family,Occupied,65.1,371772.0,384702.0
898,Lavington,Apartment,Semi-Furnished,2,3,82.2,240530.0,2743.0,15.0,21.1,7.4,93.2,2,No,Yes,Expat,Occupied,81.5,225107.0,240530.0
899,Kileleshwa,Apartment,Semi-Furnished,6,5,94.0,322971.0,9726.0,11.6,6.3,9.0,91.8,4,No,No,Student,Occupied,75.7,276461.0,322971.0
900,South B,Bedsitter,Furnished,3,4,87.7,154356.0,5273.0,6.8,22.0,9.6,90.0,2,No,Yes,Family,Occupied,68.1,141809.0,154356.0
901,Langata,Townhouse,Unfurnished,5,5,79.0,198826.0,1976.0,9.1,10.6,6.5,97.1,3,No,Yes,Student,Occupied,82.8,173708.0,198826.0
902,Kasarani,Maisonette,Unfurnished,3,3,88.9,141197.0,3803.0,4.8,21.1,8.2,89.6,3,Yes,Yes,Student,Occupied,72.2,133390.0,141197.0
903,Roysambu,Maisonette,Unfurnished,2,2,76.9,92492.0,1225.0,18.2,12.0,9.5,89.4,2,Yes,Yes,Family,Occupied,90.2,88960.0,92492.0
904,Embakasi,Townhouse,Unfurnished,3,3,64.3,95961.0,3496.0,13.2,14.0,8.2,91.7,2,No,No,Expat,Occupied,65.5,86207.0,95961.0
905,South C,Apartment,Semi-Furnished,1,1,84.7,126599.0,4246.0,5.2,11.8,7.9,86.2,1,Yes,No,Student,Occupied,69.2,109770.0,126599.0
906,Lavington,Bedsitter,Semi-Furnished,1,2,65.7,201964.0,4441.0,7.2,8.8,4.8,97.0,1,No,No,Family,Occupied,76.3,173394.0,201964.0
907,Roysambu,Townhouse,Unfurnished,4,4,94.0,132645.0,14976.0,5.7,10.4,6.3,95.1,2,No,Yes,Family,Occupied,88.6,119293.0,132645.0
908,South C,Apartment,Semi-Furnished,4,5,84.4,171063.0,6770.0,6.5,20.3,6.5,96.3,3,Yes,No,Student,Occupied,67.9,159261.0,171063.0
909,Roysambu,Maisonette,Unfurnished,5,4,106.3,157633.0,1773.0,3.0,0.0,8.7,92.2,4,No,No,Student,Occupied,78.8,150639.0,157633.0
910,Runda,Bedsitter,Furnished,3,4,80.0,394288.0,4342.0,9.9,4.6,6.1,89.7,2,Yes,No,Expat,Occupied,63.4,348874.0,394288.0
911,South C,Bedsitter,Furnished,2,3,84.7,173306.0,3844.0,7.1,7.6,6.9,96.1,2,No,Yes,Family,Occupied,84.2,161656.0,173306.0
912,Embakasi,Bedsitter,Unfurnished,2,2,63.0,87091.0,14852.0,11.7,5.5,8.0,80.9,2,No,Yes,Professional,Occupied,68.5,75299.0,87091.0
913,Roysambu,Townhouse,Unfurnished,4,4,68.4,2000000.0,2954.0,2.7,21.1,6.1,95.2,2,No,No,Professional,Occupied,81.2,141460.0,158544.0
914,Karen,Maisonette,Unfurnished,4,3,59.8,342933.0,4408.0,11.1,19.5,7.3,88.0,2,Yes,Yes,Student,Occupied,81.7,295930.0,342933.0
915,Embakasi,Apartment,Furnished,2,3,101.2,107953.0,4851.0,19.1,15.6,7.2,97.1,2,Yes,No,Student,Occupied,56.8,96819.0,107953.0
916,South C,Maisonette,Unfurnished,3,2,78.1,154574.0,1903.0,12.0,8.2,8.1,91.0,2,Yes,No,Expat,Occupied,77.1,134909.0,154574.0
917,Embakasi,Apartment,Furnished,4,3,104.9,137558.0,1384.0,23.4,20.0,7.8,79.4,3,No,Yes,Professional,Vacant,69.9,128063.0,137558.0
918,Roysambu,Apartment,Furnished,3,2,44.8,92362.0,3434.0,5.6,2.5,7.8,90.3,2,No,No,Student,Vacant,80.0,83551.0,92362.0
919,Kilimani,Apartment,Semi-Furnished,2,2,108.2,256132.0,6417.0,1.2,24.9,7.2,90.8,2,Yes,Yes,Student,Occupied,66.3,247971.0,256132.0
920,Roysambu,Apartment,Furnished,4,4,84.0,134553.0,1605.0,7.3,7.9,5.0,83.9,2,No,No,Professional,Occupied,69.2,120011.0,134553.0
921,Roysambu,Apartment,Semi-Furnished,6,6,90.1,165593.0,3752.0,16.1,10.4,7.2,89.5,4,No,No,Student,Occupied,87.0,149175.0,165593.0
922,Runda,Townhouse,Semi-Furnished,6,6,69.1,529584.0,2519.0,5.5,9.4,7.1,93.4,3,No,No,Professional,Occupied,86.2,463210.0,529584.0
923,Langata,Maisonette,Semi-Furnished,1,2,92.9,149086.0,1038.0,9.7,5.6,7.9,89.4,1,Yes,No,Professional,Occupied,65.1,130852.0,149086.0
924,Karen,Bedsitter,Furnished,3,3,79.4,358090.0,4737.0,12.7,23.6,6.5,95.5,3,No,Yes,Expat,Occupied,93.0,318545.0,358090.0
925,Kasarani,Apartment,Furnished,2,2,67.1,85430.0,5359.0,18.7,16.7,7.1,98.3,2,Yes,No,Professional,Vacant,49.2,82262.0,85430.0
926,Lavington,Townhouse,Furnished,6,5,66.9,338937.0,6434.0,12.7,19.3,7.1,93.3,4,No,No,Student,Occupied,77.1,290821.0,338937.0
927,Ruaka,Townhouse,Furnished,1,1,66.6,129028.0,6962.0,12.6,4.7,6.1,94.3,2,Yes,Yes,Family,Occupied,62.2,124942.0,129028.0
928,Westlands,Maisonette,Unfurnished,2,1,90.7,266619.0,3754.0,11.9,13.1,5.6,77.8,0,No,Yes,Family,Occupied,78.7,231744.0,266619.0
929,Langata,Apartment,Semi-Furnished,2,1,75.5,133711.0,5326.0,16.6,15.1,7.5,88.7,1,No,No,Family,Occupied,72.4,121346.0,133711.0
930,Westlands,Apartment,Semi-Furnished,4,4,60.4,304898.0,4589.0,4.5,13.6,8.2,84.6,2,No,Yes,Expat,Occupied,64.8,264508.0,304898.0
931,Runda,Apartment,Semi-Furnished,5,4,90.5,524662.0,664.0,3.5,5.0,6.3,94.2,3,No,No,Student,Occupied,67.6,477069.0,524662.0
932,Karen,Apartment,Unfurnished,2,1,52.4,252950.0,1408.0,7.1,18.5,6.7,80.2,1,Yes,Yes,Expat,Vacant,67.1,224438.0,252950.0
933,Umoja,Apartment,Unfurnished,2,3,104.9,87758.0,2396.0,16.4,12.7,8.0,90.6,1,No,Yes,Expat,Vacant,75.8,80921.0,87758.0
934,Roysambu,Townhouse,Unfurnished,3,2,114.8,132642.0,4174.0,10.9,6.3,8.1,90.7,2,No,Yes,Expat,Occupied,84.7,116194.0,132642.0
935,Umoja,Apartment,Unfurnished,4,4,65.3,97671.0,4853.0,22.8,0.9,7.3,93.9,2,Yes,No,Student,Vacant,94.6,91442.0,97671.0
936,Umoja,Apartment,Semi-Furnished,2,2,100.8,98753.0,6352.0,7.0,15.6,7.5,84.6,2,No,No,Student,Occupied,73.3,86785.0,98753.0
937,Donholm,Apartment,Unfurnished,1,1,90.2,87710.0,6453.0,5.9,26.7,7.6,93.8,1,No,Yes,Student,Occupied,78.0,82823.0,87710.0
938,Kileleshwa,Apartment,Unfurnished,2,3,77.5,215404.0,4583.0,2.8,5.9,7.9,95.7,2,No,No,Family,Occupied,86.9,189229.0,215404.0
939,Umoja,Apartment,Semi-Furnished,3,3,78.2,91470.0,5679.0,13.6,13.0,5.7,94.3,2,No,No,Professional,Occupied,70.5,85164.0,91470.0
940,Lavington,Apartment,Semi-Furnished,6,6,94.8,491829.0,11768.0,20.6,18.7,9.3,89.6,3,Yes,No,Student,Occupied,67.2,458884.0,491829.0
941,Kilimani,Apartment,Semi-Furnished,6,6,84.4,416538.0,5365.0,13.8,4.4,7.3,95.2,3,No,No,Student,Occupied,94.5,361665.0,416538.0
942,Kileleshwa,Maisonette,Unfurnished,1,1,46.1,163000.0,3930.0,8.4,9.1,7.9,80.2,1,No,Yes,Expat,Occupied,73.2,141486.0,163000.0
943,Runda,Townhouse,Unfurnished,6,6,116.1,618698.0,5545.0,4.5,6.8,6.1,72.2,3,Yes,Yes,Student,Occupied,77.2,545729.0,618698.0
944,Ruaka,Apartment,Unfurnished,5,4,91.5,250028.0,7122.0,13.7,17.9,6.8,71.1,3,No,Yes,Professional,Occupied,59.0,213958.0,250028.0
945,Langata,Apartment,Semi-Furnished,2,1,84.2,156346.0,11904.0,4.5,20.0,7.5,95.4,2,Yes,Yes,Family,Occupied,69.8,148416.0,156346.0
946,Kilimani,Maisonette,Semi-Furnished,2,1,74.2,193767.0,1870.0,11.5,13.0,4.8,96.5,1,Yes,Yes,Student,Vacant,,181023.0,193767.0
947,Embakasi,Apartment,Furnished,3,2,82.2,140821.0,1277.0,8.6,6.9,5.9,95.7,3,Yes,Yes,Family,Vacant,79.6,131106.0,140821.0
948,South C,Apartment,Furnished,1,1,104.0,151632.0,4652.0,1.4,9.3,6.1,98.4,1,No,No,Student,Occupied,74.7,140949.0,151632.0
949,Donholm,Maisonette,Unfurnished,5,6,88.9,123362.0,1463.0,7.6,8.2,5.5,91.5,2,No,Yes,Family,Vacant,88.9,114308.0,123362.0
950,Kilimani,Apartment,Unfurnished,6,6,90.6,320814.0,3380.0,8.6,6.1,7.1,92.8,3,Yes,No,Student,Occupied,58.5,282767.0,320814.0
951,Kasarani,Bedsitter,Semi-Furnished,1,2,66.3,71454.0,14295.0,5.2,11.4,6.9,84.9,2,No,No,Expat,Occupied,70.9,66741.0,71454.0
952,Umoja,Bedsitter,Unfurnished,3,2,79.8,91746.0,4034.0,7.2,15.4,8.7,94.5,2,Yes,No,Family,Occupied,97.7,85513.0,91746.0
953,Runda,Apartment,Semi-Furnished,4,5,85.8,467588.0,4065.0,8.0,14.9,5.7,86.3,2,No,No,Expat,Occupied,74.5,419150.0,467588.0
954,South B,Apartment,Unfurnished,6,5,95.4,210923.0,3040.0,13.5,12.0,7.3,98.3,3,No,No,Expat,Occupied,74.4,199172.0,210923.0
955,South C,Maisonette,Semi-Furnished,1,1,78.8,127742.0,11540.0,9.6,12.3,5.9,84.4,2,No,Yes,Student,Occupied,86.8,117764.0,127742.0
956,Westlands,Apartment,Semi-Furnished,6,6,98.9,403843.0,5412.0,4.9,11.5,4.9,95.9,3,No,No,Expat,Occupied,87.5,388800.0,403843.0
957,Lavington,Apartment,Semi-Furnished,3,4,67.8,242023.0,2900.0,17.7,4.2,7.7,96.9,2,No,Yes,Expat,Occupied,62.0,206349.0,242023.0
958,Westlands,Maisonette,Furnished,6,5,86.0,371187.0,11339.0,6.0,13.0,7.8,94.1,4,No,No,Student,Occupied,79.3,344459.0,371187.0
959,Kilimani,Apartment,Furnished,2,1,83.5,218299.0,4581.0,6.0,8.5,7.7,82.2,1,No,Yes,Expat,Occupied,92.6,188594.0,218299.0
960,Ruaka,Apartment,Unfurnished,2,3,62.3,188584.0,3009.0,22.8,3.9,5.4,91.9,1,No,No,Family,Occupied,68.6,169974.0,188584.0
961,Westlands,Maisonette,Unfurnished,2,1,84.3,247846.0,933.0,9.4,14.2,7.1,90.2,2,No,Yes,Family,Occupied,71.3,232887.0,247846.0
962,Kasarani,Apartment,Unfurnished,3,2,76.3,116667.0,4430.0,0.6,8.3,7.7,80.6,3,No,Yes,Professional,Vacant,75.3,110166.0,116667.0
963,Runda,Maisonette,Furnished,2,1,106.2,437451.0,2934.0,15.1,13.4,8.1,92.7,1,No,No,Professional,Occupied,81.9,385676.0,437451.0
964,Embakasi,Maisonette,Unfurnished,3,3,78.8,111387.0,3228.0,8.5,17.1,7.8,83.0,1,No,No,Professional,Occupied,60.7,94819.0,111387.0
965,Ruaka,Bedsitter,Furnished,2,2,90.3,206504.0,3104.0,4.9,6.3,8.2,95.3,2,No,Yes,Professional,Occupied,43.9,195283.0,206504.0
966,Langata,Apartment,Furnished,4,4,66.5,194750.0,1117.0,8.1,12.6,8.3,86.6,1,Yes,No,Expat,Vacant,77.2,185952.0,194750.0
967,Lavington,Townhouse,Unfurnished,3,2,88.5,310269.0,24213.0,8.1,1.1,7.1,97.7,2,No,Yes,Family,Occupied,86.7,285157.0,310269.0
968,Kasarani,Apartment,Unfurnished,6,6,78.8,129687.0,2476.0,4.0,21.2,7.6,94.0,4,No,No,Professional,Occupied,71.9,119080.0,129687.0
969,Kasarani,Maisonette,Furnished,3,2,73.4,92643.0,6424.0,6.9,3.8,8.2,91.0,2,No,No,Expat,Occupied,68.9,80493.0,92643.0
970,Westlands,Apartment,Furnished,6,5,127.5,496500.0,3452.0,6.2,8.9,7.5,93.6,4,No,Yes,Student,Occupied,73.3,451227.0,496500.0
971,Umoja,Apartment,Unfurnished,4,5,79.7,98880.0,592.0,8.9,20.0,8.4,98.9,3,Yes,Yes,Family,Occupied,91.0,95135.0,98880.0
972,Westlands,Apartment,Furnished,1,1,81.8,228376.0,3627.0,16.7,10.6,8.0,90.4,1,Yes,Yes,Student,Occupied,68.4,195511.0,228376.0
973,Kilimani,Townhouse,Semi-Furnished,1,1,98.5,211853.0,4375.0,6.7,4.8,6.2,88.0,1,No,Yes,Professional,Occupied,80.7,195080.0,211853.0
974,Langata,Townhouse,Unfurnished,1,1,73.5,183927.0,2747.0,10.5,16.3,5.4,89.9,1,Yes,No,Professional,Occupied,63.5,162727.0,183927.0
975,Kileleshwa,Apartment,Furnished,6,5,91.0,316623.0,11110.0,12.4,16.1,7.0,86.0,4,Yes,No,Professional,Occupied,63.9,280167.0,316623.0
976,Ruaka,Apartment,Furnished,3,3,92.7,193206.0,14106.0,20.9,8.2,5.6,96.4,2,Yes,No,Family,Occupied,83.5,186052.0,193206.0
977,Westlands,Maisonette,Semi-Furnished,3,2,88.7,356638.0,4920.0,9.8,8.9,7.1,97.8,3,No,Yes,Student,Occupied,91.3,346069.0,356638.0
978,Runda,Apartment,Unfurnished,3,4,119.4,494176.0,5412.0,8.3,9.4,7.0,70.6,2,No,Yes,Student,Occupied,83.9,473709.0,494176.0
979,South B,Apartment,Unfurnished,2,1,72.9,155650.0,1796.0,4.0,10.8,8.6,95.9,2,No,Yes,Family,Occupied,54.5,132639.0,155650.0
980,Lavington,Bedsitter,Unfurnished,6,5,108.1,416442.0,1791.0,10.0,0.6,7.6,93.8,4,Yes,No,Professional,Vacant,70.8,362408.0,416442.0
981,Roysambu,Apartment,Unfurnished,2,3,92.1,118758.0,2545.0,16.5,10.9,8.2,73.6,2,No,Yes,Professional,Occupied,77.4,113124.0,118758.0
982,Westlands,Townhouse,Unfurnished,1,1,98.6,243017.0,16319.0,7.3,22.7,6.4,90.7,1,Yes,No,Expat,Occupied,75.6,216548.0,243017.0
983,Runda,Apartment,Semi-Furnished,6,6,90.1,558743.0,2741.0,29.7,6.6,8.8,83.8,3,Yes,Yes,Family,Occupied,55.8,498079.0,558743.0
984,Ruaka,Apartment,Semi-Furnished,6,6,113.2,285208.0,10117.0,7.4,8.5,8.1,96.4,4,No,No,Student,Occupied,62.0,276878.0,285208.0
985,Runda,Apartment,Unfurnished,2,1,80.2,373386.0,2427.0,6.1,4.9,7.5,97.7,2,Yes,Yes,Expat,Occupied,67.0,341192.0,373386.0
986,Lavington,Maisonette,Unfurnished,3,2,92.5,313002.0,2052.0,7.2,15.7,4.8,96.8,2,Yes,No,Student,Occupied,74.3,275344.0,313002.0
987,Kileleshwa,Apartment,Unfurnished,2,3,104.6,245896.0,2835.0,8.9,19.2,8.4,86.1,2,Yes,No,Student,Vacant,55.7,232412.0,245896.0
988,Runda,Bedsitter,Unfurnished,3,3,76.6,409280.0,2785.0,9.4,19.1,9.1,92.9,2,Yes,No,Expat,Occupied,81.0,353548.0,409280.0
989,South B,Apartment,Furnished,4,5,100.0,172219.0,2421.0,8.2,4.5,7.0,70.6,3,No,No,Student,Occupied,74.1,152535.0,172219.0
990,Runda,Maisonette,Semi-Furnished,3,3,84.7,425692.0,12005.0,3.3,15.0,7.0,86.4,2,Yes,Yes,Expat,Occupied,64.6,412877.0,425692.0
991,Runda,Apartment,Semi-Furnished,4,5,66.5,513603.0,3874.0,5.9,20.6,6.4,96.3,3,No,Yes,Expat,Occupied,76.9,443435.0,513603.0
992,Runda,Apartment,Furnished,2,3,63.2,334892.0,3501.0,10.5,15.1,5.0,93.9,2,No,No,Expat,Occupied,60.6,324222.0,334892.0
993,Embakasi,Bedsitter,Furnished,5,5,83.6,146125.0,4096.0,9.9,14.9,6.3,96.8,3,Yes,Yes,Professional,Occupied,74.5,125624.0,146125.0
994,Embakasi,Apartment,Unfurnished,6,6,99.9,164905.0,7635.0,11.8,9.2,9.0,85.8,4,No,No,Professional,Occupied,57.0,152681.0,164905.0
995,Kileleshwa,Apartment,Unfurnished,4,3,53.8,212269.0,4095.0,14.8,13.3,8.3,85.9,2,No,No,Family,Occupied,58.5,187055.0,212269.0
996,Westlands,Maisonette,Semi-Furnished,4,5,88.0,315533.0,4983.0,2.5,19.4,6.1,83.0,2,No,Yes,Family,Occupied,70.5,274827.0,315533.0
997,Runda,Apartment,Semi-Furnished,2,1,98.4,428289.0,8204.0,4.9,14.0,6.3,93.0,2,No,No,Expat,Occupied,67.8,399452.0,428289.0
998,Donholm,Maisonette,Semi-Furnished,6,6,65.8,121954.0,1904.0,11.2,4.5,9.6,96.3,3,No,No,Family,Occupied,78.8,112560.0,121954.0
999,Langata,Apartment,Furnished,1,1,75.5,126845.0,2239.0,17.7,9.3,5.8,86.3,1,Yes,No,Professional,Occupied,74.8,114644.0,126845.0
1000,Donholm,Maisonette,Unfurnished,3,2,93.6,96793.0,4341.0,20.4,19.3,6.1,96.5,2,No,No,Professional,Occupied,96.0,86623.0,96793.0
1001,Westlands,Apartment,Unfurnished,3,4,97.7,279335.0,2452.0,16.9,13.9,6.5,95.5,2,No,Yes,Expat,Occupied,72.3,260136.0,279335.0
1002,Kileleshwa,Apartment,Unfurnished,2,1,109.1,311828.0,3420.0,14.9,12.7,5.4,90.1,2,No,No,Professional,Occupied,42.0,264516.0,311828.0
1003,Umoja,Townhouse,Unfurnished,4,3,76.2,158094.0,1859.0,8.1,8.7,6.4,87.5,2,No,Yes,Expat,Occupied,54.7,138612.0,158094.0
1004,Umoja,Maisonette,Unfurnished,2,2,72.8,76989.0,2200.0,12.2,19.1,6.4,83.9,1,No,No,Family,Occupied,63.0,71877.0,76989.0
1005,Karen,Apartment,Furnished,2,1,109.8,371920.0,8754.0,5.2,22.0,5.9,77.6,1,Yes,Yes,Professional,Vacant,100.0,330283.0,371920.0
1006,Donholm,Apartment,Semi-Furnished,2,3,73.7,84847.0,3112.0,8.8,19.6,8.6,74.3,1,No,Yes,Expat,Occupied,74.6,77464.0,84847.0
1007,Westlands,Maisonette,Furnished,4,3,92.6,313436.0,2919.0,13.3,20.7,5.6,81.3,2,No,No,Expat,Occupied,86.1,270425.0,313436.0
1008,Westlands,Apartment,Unfurnished,3,3,117.7,375088.0,2255.0,13.2,9.8,6.8,87.8,3,Yes,Yes,Student,Occupied,85.1,347516.0,375088.0
1009,South C,Maisonette,Furnished,4,5,96.3,184886.0,2165.0,5.0,9.0,5.9,97.8,3,Yes,No,Expat,Occupied,62.3,174721.0,184886.0
1010,Kilimani,Maisonette,Furnished,2,2,96.7,244892.0,1946.0,3.7,11.1,6.7,86.7,1,No,Yes,Expat,Occupied,57.1,236172.0,244892.0
1011,Roysambu,Apartment,Unfurnished,3,2,104.2,133649.0,1630.0,1.6,12.2,5.9,95.5,2,No,Yes,Professional,Occupied,81.4,113489.0,133649.0
1012,Ruaka,Apartment,Unfurnished,6,5,92.9,286978.0,2459.0,24.9,20.6,7.1,89.2,4,Yes,Yes,Student,Occupied,52.8,264769.0,286978.0
1013,South C,Bedsitter,Unfurnished,2,2,96.8,168016.0,3711.0,2.5,19.0,7.4,96.3,2,Yes,Yes,Student,Vacant,84.8,158046.0,168016.0
1014,South B,Apartment,Furnished,3,3,79.9,140268.0,6301.0,11.1,15.2,8.7,87.2,2,No,No,Student,Vacant,73.8,127082.0,140268.0
1015,Embakasi,Apartment,Furnished,6,6,102.4,171803.0,3793.0,7.2,3.4,6.3,89.3,4,Yes,Yes,Professional,Occupied,81.2,160003.0,171803.0
1016,Embakasi,Townhouse,Semi-Furnished,2,2,91.2,115070.0,1988.0,9.0,1.9,8.9,81.7,2,Yes,Yes,Family,Occupied,78.0,108053.0,115070.0
1017,Kilimani,Bedsitter,Furnished,6,6,62.8,280960.0,2755.0,4.8,13.4,6.0,88.7,4,No,Yes,Expat,Occupied,78.6,250308.0,280960.0
1018,Lavington,Maisonette,Furnished,3,2,88.6,309674.0,2641.0,11.8,17.3,6.7,86.7,3,No,Yes,Student,Occupied,76.0,297412.0,309674.0
1019,Lavington,Bedsitter,Semi-Furnished,6,5,52.5,323329.0,2533.0,11.7,11.5,9.1,83.8,4,No,Yes,Student,Occupied,77.8,292249.0,323329.0
1020,Kileleshwa,Bedsitter,Unfurnished,5,5,95.7,307043.0,3087.0,20.3,23.5,10.0,95.1,3,No,No,Professional,Occupied,75.5,282179.0,307043.0
1021,Kasarani,Apartment,Semi-Furnished,4,4,81.5,114984.0,7500.0,14.3,5.5,9.0,87.2,2,No,No,Professional,Occupied,61.2,103601.0,114984.0
1022,Kilimani,Apartment,Unfurnished,4,3,113.6,304684.0,6449.0,9.2,4.7,6.7,93.0,3,No,No,Student,Occupied,71.1,282621.0,304684.0
1023,Roysambu,Apartment,Unfurnished,5,6,92.3,138286.0,12304.0,8.6,8.0,7.6,89.5,3,Yes,No,Family,Occupied,96.7,123962.0,138286.0
1024,Westlands,Apartment,Semi-Furnished,4,5,98.9,337257.0,2153.0,10.6,7.8,7.8,85.0,2,Yes,No,Professional,Vacant,78.1,323578.0,337257.0
1025,Lavington,Maisonette,Unfurnished,4,5,69.3,277474.0,1841.0,15.1,15.2,7.4,98.0,2,Yes,Yes,Student,Occupied,86.4,255401.0,277474.0
1026,Roysambu,Apartment,Semi-Furnished,4,5,95.3,150326.0,3108.0,4.2,9.5,5.8,95.2,3,No,Yes,Family,Vacant,65.2,141069.0,150326.0
1027,Runda,Apartment,Furnished,3,2,75.4,397086.0,9104.0,5.3,2.7,7.3,95.5,2,No,No,Professional,Occupied,65.0,362399.0,397086.0
1028,Donholm,Apartment,Unfurnished,1,1,101.4,90147.0,922.0,2.4,17.3,6.4,92.7,2,No,No,Family,Occupied,63.0,82723.0,90147.0
1029,Donholm,Apartment,Furnished,3,4,68.2,123358.0,4358.0,7.7,1.4,5.8,94.9,2,No,Yes,Student,Occupied,61.7,109683.0,123358.0
1030,Kasarani,Apartment,Unfurnished,1,1,86.6,90941.0,3175.0,3.2,5.6,6.6,84.7,1,No,No,Family,Vacant,58.8,80886.0,90941.0
1031,Langata,Apartment,Furnished,3,3,67.6,148443.0,,9.1,2.3,7.4,96.5,2,No,No,Student,Occupied,77.3,135936.0,148443.0
1032,Westlands,Apartment,Unfurnished,2,3,86.9,244727.0,5400.0,19.1,13.2,8.2,97.6,2,Yes,No,Professional,Vacant,71.4,231476.0,244727.0
1033,Ruaka,Apartment,Semi-Furnished,6,6,115.3,300971.0,6207.0,5.5,13.1,,87.8,2,No,Yes,Expat,Occupied,83.8,269376.0,300971.0
1034,Ruaka,Apartment,Furnished,4,5,95.8,231358.0,5671.0,16.3,23.5,6.9,76.6,2,No,No,Expat,Occupied,71.9,196904.0,231358.0
1035,South B,Maisonette,Furnished,2,2,84.5,129759.0,28611.0,13.3,17.5,8.0,74.2,2,No,No,Student,Occupied,51.0,122667.0,129759.0
1036,Ruaka,Apartment,Unfurnished,2,3,48.1,134365.0,14031.0,7.2,20.6,7.1,91.6,2,Yes,Yes,Expat,Occupied,79.4,129153.0,134365.0
1037,Runda,Apartment,Unfurnished,2,3,77.0,349722.0,7171.0,14.2,13.7,7.5,93.1,1,No,No,Student,Occupied,54.7,326939.0,349722.0
1038,Runda,Bedsitter,Unfurnished,4,4,92.1,489775.0,2865.0,11.6,6.1,7.1,95.9,2,No,No,Expat,Occupied,77.1,448537.0,489775.0
1039,Donholm,Apartment,Semi-Furnished,6,6,77.3,125603.0,3093.0,1.4,12.8,7.2,97.1,3,No,Yes,Expat,Occupied,67.3,116739.0,125603.0
1040,Kilimani,Maisonette,Unfurnished,6,6,106.4,320271.0,8995.0,20.6,15.6,5.7,97.2,3,No,No,Professional,Occupied,77.3,277242.0,320271.0
1041,Kasarani,Apartment,Unfurnished,1,1,86.1,112283.0,9242.0,12.7,16.2,7.1,97.5,1,Yes,Yes,Student,Occupied,60.6,101710.0,112283.0
1042,Kileleshwa,Apartment,Unfurnished,6,5,101.2,362196.0,2218.0,12.5,9.2,8.7,91.6,4,Yes,No,Family,Vacant,82.8,339478.0,362196.0
1043,South B,Bedsitter,Semi-Furnished,5,5,88.1,180285.0,993.0,4.1,14.9,7.2,92.3,4,No,No,Professional,Occupied,75.4,153757.0,180285.0
1044,Lavington,Apartment,Unfurnished,3,2,80.9,276581.0,1116.0,9.1,6.4,6.0,80.3,1,No,Yes,Family,Vacant,71.6,263722.0,276581.0
1045,Roysambu,Bedsitter,Unfurnished,5,6,77.9,188600.0,9144.0,22.2,5.7,8.8,93.8,3,No,Yes,Professional,Occupied,58.1,179887.0,188600.0
1046,Kilimani,Apartment,Semi-Furnished,2,2,69.8,216098.0,10428.0,8.5,5.3,7.9,77.0,2,No,No,Student,Occupied,93.1,202568.0,216098.0
1047,Lavington,Maisonette,Unfurnished,3,2,101.4,327482.0,4073.0,4.7,12.1,7.9,81.0,3,No,No,Family,Occupied,65.9,314428.0,327482.0
1048,Kilimani,Apartment,Unfurnished,2,2,78.6,231578.0,5048.0,11.2,4.9,7.9,95.8,2,Yes,Yes,Professional,Occupied,77.6,202650.0,231578.0
1049,Kilimani,Apartment,Furnished,2,3,92.8,222131.0,14012.0,9.9,9.5,5.6,90.3,1,No,No,Expat,Occupied,65.5,206265.0,222131.0
1050,Kilimani,Bedsitter,Furnished,6,6,77.1,309592.0,16479.0,9.0,17.4,7.8,92.1,3,No,Yes,Family,Occupied,100.0,271697.0,309592.0
1051,Donholm,Apartment,Semi-Furnished,4,3,68.8,105169.0,6475.0,9.5,5.8,8.7,83.8,1,No,Yes,Professional,Vacant,76.5,91898.0,105169.0
1052,Ruaka,Apartment,Unfurnished,5,6,93.3,254391.0,3963.0,9.5,9.0,6.4,98.0,3,Yes,No,Professional,Occupied,68.9,238724.0,254391.0
1053,Kasarani,Maisonette,Unfurnished,3,3,73.8,102488.0,2973.0,18.1,12.4,4.7,97.9,3,Yes,No,Family,Occupied,81.1,92518.0,102488.0
1054,Kileleshwa,Maisonette,Furnished,2,1,79.0,218832.0,3304.0,6.7,13.5,7.4,93.3,2,Yes,No,Expat,Occupied,82.5,197513.0,218832.0
1055,Ruaka,Apartment,Unfurnished,1,1,66.3,-10000.0,2340.0,18.0,9.0,7.0,87.4,1,No,Yes,Family,Occupied,78.9,118081.0,137057.0
1056,Kilimani,Maisonette,Unfurnished,5,5,77.6,302653.0,6350.0,3.8,16.7,5.1,99.1,3,No,Yes,Family,Occupied,71.8,292745.0,302653.0
1057,Karen,Townhouse,Furnished,1,1,85.4,290513.0,3670.0,13.3,15.5,7.7,73.4,1,No,No,Family,Occupied,79.4,269613.0,290513.0
1058,Langata,Maisonette,Unfurnished,4,5,80.7,188633.0,2267.0,12.7,18.8,7.6,93.6,1,Yes,Yes,Professional,Occupied,73.4,162283.0,188633.0
1059,Lavington,Apartment,Unfurnished,3,3,97.3,315367.0,8870.0,5.6,11.5,5.2,97.7,3,Yes,Yes,Expat,Occupied,74.7,295974.0,315367.0
1060,Westlands,Maisonette,Unfurnished,3,4,87.2,317053.0,5926.0,5.7,8.9,9.3,96.8,2,No,No,Family,Occupied,67.1,301802.0,317053.0
1061,South C,Apartment,Unfurnished,3,3,131.3,195864.0,4819.0,15.0,7.9,7.9,88.0,1,No,No,Family,Occupied,60.4,175439.0,195864.0
1062,Ruaka,Townhouse,Unfurnished,2,3,91.4,187867.0,3596.0,7.1,13.8,4.7,95.0,2,No,Yes,Family,Occupied,80.6,174616.0,187867.0
1063,Roysambu,Apartment,Unfurnished,2,3,59.0,77928.0,5541.0,14.9,9.7,8.0,87.5,2,Yes,Yes,Family,Occupied,81.1,70837.0,77928.0
1064,Donholm,Apartment,Semi-Furnished,5,6,81.8,120864.0,3153.0,10.7,8.6,7.9,91.7,4,Yes,No,Family,Occupied,88.0,104826.0,120864.0
1065,South B,Maisonette,Unfurnished,1,1,83.1,173533.0,27956.0,6.5,9.3,8.7,69.9,1,No,No,Family,Occupied,75.5,156603.0,173533.0
1066,Embakasi,Apartment,Unfurnished,3,3,75.8,101583.0,19887.0,14.1,7.9,6.3,95.7,2,Yes,Yes,Expat,Occupied,72.8,91733.0,101583.0
1067,Kileleshwa,Townhouse,Unfurnished,4,5,86.1,246123.0,2271.0,23.4,13.2,8.0,84.7,3,No,No,Expat,Occupied,60.9,229651.0,246123.0
1068,Westlands,Townhouse,Semi-Furnished,4,4,75.3,265833.0,3355.0,21.6,3.5,6.7,89.4,2,Yes,Yes,Expat,Occupied,74.6,231374.0,265833.0
1069,Runda,Bedsitter,Unfurnished,2,3,90.0,400758.0,2145.0,6.2,13.8,6.3,97.8,2,Yes,No,Student,Occupied,78.6,351242.0,400758.0
1070,Umoja,Apartment,Furnished,3,3,56.4,80766.0,1083.0,2.0,16.1,6.0,95.3,2,No,Yes,Student,Vacant,56.8,75829.0,80766.0
1071,Karen,Bedsitter,Unfurnished,1,2,102.2,289373.0,13290.0,18.5,8.5,4.7,92.1,1,No,No,Professional,Occupied,85.7,268435.0,289373.0
1072,Embakasi,Apartment,Semi-Furnished,3,4,61.3,122705.0,3623.0,13.5,23.5,7.6,86.5,2,Yes,Yes,Expat,Occupied,67.9,106859.0,122705.0
1073,South C,Apartment,Furnished,4,3,81.0,179301.0,1871.0,10.5,12.1,6.7,74.8,2,No,Yes,Expat,Occupied,73.0,165459.0,179301.0
1074,Westlands,Maisonette,Semi-Furnished,5,5,74.0,298168.0,1196.0,8.4,2.6,3.7,91.8,4,No,No,Expat,Occupied,81.0,273415.0,298168.0
1075,Embakasi,Apartment,Furnished,4,4,89.6,123568.0,4703.0,19.1,10.3,7.1,98.6,3,Yes,Yes,Family,Vacant,74.9,113923.0,123568.0
1076,Westlands,Apartment,Unfurnished,2,1,82.3,311486.0,5171.0,9.5,12.4,8.4,98.6,2,Yes,No,Family,Occupied,89.0,295458.0,311486.0
1077,Roysambu,Townhouse,Unfurnished,2,3,88.8,103642.0,5367.0,9.5,14.7,5.4,95.0,2,No,Yes,Professional,Occupied,81.3,95864.0,103642.0
1078,Karen,Apartment,Unfurnished,4,5,101.7,415033.0,8511.0,10.3,10.5,6.1,84.1,2,Yes,Yes,Expat,Occupied,73.5,360760.0,415033.0
1079,South C,Apartment,Furnished,4,3,96.5,194117.0,7536.0,12.5,5.9,7.5,91.1,2,No,Yes,Family,Occupied,43.8,175885.0,194117.0
1080,Runda,Townhouse,Furnished,2,1,85.5,333830.0,1634.0,24.3,5.4,3.9,94.1,1,No,Yes,Expat,Vacant,85.0,303832.0,333830.0
1081,Kilimani,Apartment,Unfurnished,2,3,91.9,254262.0,1878.0,8.6,8.1,6.4,83.5,2,Yes,Yes,Expat,Occupied,63.2,241360.0,254262.0
1082,Lavington,Maisonette,Unfurnished,4,4,114.4,378511.0,7961.0,0.9,8.7,7.4,84.0,2,Yes,No,Family,Occupied,83.5,358223.0,378511.0
1083,Runda,Townhouse,Semi-Furnished,1,1,97.1,310357.0,2611.0,35.3,5.2,6.3,92.7,1,Yes,No,Family,Occupied,79.9,299444.0,310357.0
1084,Kilimani,Townhouse,Semi-Furnished,3,2,80.6,235100.0,1442.0,10.3,7.6,5.4,90.9,2,Yes,No,Student,Occupied,73.0,227790.0,235100.0
1085,Umoja,Bedsitter,Semi-Furnished,6,5,104.2,127522.0,1538.0,8.3,16.0,5.5,95.3,3,Yes,Yes,Family,Occupied,84.5,115593.0,127522.0
1086,Donholm,Apartment,Unfurnished,4,3,90.9,117268.0,7753.0,15.4,21.9,5.1,76.1,3,No,Yes,Student,Occupied,80.2,107448.0,117268.0
1087,Kasarani,Apartment,Unfurnished,5,4,70.6,112530.0,7658.0,33.5,16.5,6.2,76.0,3,No,Yes,Family,Occupied,78.3,105040.0,112530.0
1088,Kasarani,Maisonette,Semi-Furnished,4,3,82.3,124642.0,4402.0,5.2,19.8,8.3,92.4,2,No,No,Expat,Occupied,57.8,105763.0,124642.0
1089,Kasarani,Maisonette,Semi-Furnished,3,4,62.9,113341.0,2080.0,4.9,17.8,9.8,94.5,2,No,Yes,Family,Occupied,75.4,104011.0,113341.0
1090,Kileleshwa,Apartment,Unfurnished,4,5,50.7,214410.0,3850.0,4.9,17.0,7.0,88.7,2,Yes,Yes,Professional,Occupied,62.6,186715.0,214410.0
1091,Ruaka,Apartment,Furnished,6,5,70.8,226931.0,3598.0,15.2,10.0,7.9,88.2,3,Yes,Yes,Expat,Occupied,64.0,213767.0,226931.0
1092,Langata,Apartment,Semi-Furnished,1,2,86.8,141967.0,2956.0,10.8,12.8,5.9,88.1,1,Yes,Yes,Professional,Occupied,71.4,133045.0,141967.0
1093,South B,Apartment,Unfurnished,3,3,86.9,144239.0,6495.0,17.6,9.5,4.5,94.6,2,Yes,Yes,Expat,Occupied,89.6,129332.0,144239.0
1094,South B,Maisonette,Furnished,2,2,63.8,117390.0,2876.0,7.7,10.7,9.2,84.2,1,Yes,Yes,Family,Occupied,78.7,113905.0,117390.0
1095,Ruaka,Apartment,Furnished,4,3,49.3,175329.0,5873.0,6.3,12.4,6.3,94.9,3,No,Yes,Family,Occupied,79.3,169791.0,175329.0
1096,Kasarani,Townhouse,Unfurnished,1,1,107.1,95034.0,5083.0,5.9,16.3,7.9,92.8,2,No,Yes,Family,Vacant,82.7,90393.0,95034.0
1097,Lavington,Maisonette,Unfurnished,4,4,86.4,335015.0,1467.0,6.0,14.5,7.2,96.0,3,No,No,Student,Occupied,66.3,315021.0,335015.0
1098,South C,Apartment,Unfurnished,2,3,108.3,166455.0,16242.0,6.9,11.0,8.2,73.3,1,Yes,No,Family,Occupied,59.2,150071.0,166455.0
1099,Karen,Bedsitter,Unfurnished,5,6,107.5,473767.0,6026.0,16.4,12.3,8.1,96.3,3,No,No,Professional,Occupied,57.5,418177.0,473767.0
1100,South C,Apartment,Unfurnished,2,3,96.0,175143.0,1320.0,9.7,14.6,7.3,95.6,1,No,Yes,Student,Occupied,77.3,162654.0,175143.0
1101,Karen,Bedsitter,Unfurnished,2,3,85.9,321356.0,1472.0,9.0,16.0,7.5,81.6,1,Yes,Yes,Family,Occupied,84.9,301499.0,321356.0
1102,South C,Maisonette,Semi-Furnished,2,2,79.0,140662.0,12197.0,3.9,2.9,8.5,77.8,1,Yes,No,Student,Occupied,84.1,121952.0,140662.0
1103,Langata,Maisonette,Unfurnished,4,3,95.8,199350.0,4563.0,4.3,5.5,6.5,89.2,4,No,Yes,Student,Occupied,66.7,189062.0,199350.0
1104,Kileleshwa,Maisonette,Unfurnished,2,3,82.6,210636.0,5958.0,13.6,18.6,8.9,97.5,1,No,Yes,Expat,Occupied,88.6,186116.0,210636.0
1105,Kileleshwa,Apartment,Semi-Furnished,6,6,76.2,302996.0,5279.0,8.2,11.6,6.2,91.0,3,No,No,Student,Vacant,,259037.0,302996.0
1106,Kasarani,Apartment,Semi-Furnished,4,5,53.5,81281.0,,23.0,9.5,7.1,97.7,3,No,No,Student,Vacant,81.1,76332.0,81281.0
1107,Umoja,Maisonette,Semi-Furnished,3,3,83.8,131711.0,8886.0,3.5,10.4,7.8,85.3,2,Yes,No,Expat,Occupied,89.9,126275.0,131711.0
1108,Kilimani,Apartment,Furnished,2,3,101.5,207672.0,2177.0,27.0,10.4,5.0,93.8,1,Yes,No,Family,Occupied,83.7,176447.0,207672.0
1109,Umoja,Apartment,Furnished,2,1,103.9,90256.0,5723.0,3.8,15.3,8.7,96.1,2,No,No,Professional,Occupied,72.7,84303.0,90256.0
1110,Embakasi,Apartment,Unfurnished,5,6,85.8,139743.0,1505.0,11.2,5.4,7.6,89.5,4,Yes,No,Student,Occupied,68.4,130436.0,139743.0
1111,Kileleshwa,Bedsitter,Unfurnished,3,2,71.7,242874.0,1879.0,1.3,12.1,10.0,76.3,2,Yes,Yes,Professional,Occupied,58.9,220281.0,242874.0
1112,Kileleshwa,Apartment,Semi-Furnished,5,6,98.5,345998.0,3254.0,8.7,13.5,9.5,81.3,3,No,No,Student,Occupied,70.6,324985.0,345998.0
1113,Runda,Bedsitter,Furnished,2,3,84.8,381146.0,1224.0,5.0,14.4,7.0,96.1,1,Yes,No,Professional,Occupied,72.6,323298.0,381146.0
1114,Runda,Townhouse,Furnished,4,5,79.5,456307.0,2335.0,8.4,13.3,9.1,92.6,2,Yes,Yes,Expat,Occupied,72.9,440262.0,456307.0
1115,Kilimani,Apartment,Unfurnished,3,3,63.2,226946.0,879.0,8.3,15.1,8.0,98.9,3,No,Yes,Student,Occupied,73.9,206743.0,226946.0
1116,Roysambu,Apartment,Semi-Furnished,4,4,116.6,166367.0,3968.0,3.9,8.6,7.3,79.4,2,Yes,Yes,Student,Occupied,52.1,149577.0,166367.0
1117,Embakasi,Apartment,Semi-Furnished,5,4,96.1,135356.0,12706.0,4.2,6.3,5.0,94.0,2,No,No,Family,Vacant,82.8,123046.0,135356.0
1118,Umoja,Maisonette,Semi-Furnished,5,4,97.7,114575.0,4115.0,12.9,26.7,5.3,97.7,3,Yes,No,Family,Occupied,84.0,103400.0,114575.0
1119,Lavington,Apartment,Semi-Furnished,2,2,72.1,302361.0,4123.0,8.6,10.2,7.0,88.0,1,No,Yes,Student,Occupied,78.7,256643.0,302361.0
1120,Runda,Apartment,Semi-Furnished,5,4,86.2,501174.0,3129.0,6.8,10.9,6.4,84.2,3,Yes,Yes,Expat,Occupied,63.3,431476.0,501174.0
1121,Lavington,Apartment,Unfurnished,5,4,83.8,349920.0,7973.0,8.4,16.1,7.3,94.7,3,Yes,No,Professional,Occupied,78.7,325124.0,349920.0
1122,Westlands,Maisonette,Unfurnished,6,6,96.7,404675.0,3881.0,8.1,21.6,8.6,95.5,4,No,No,Family,Occupied,75.2,363681.0,404675.0
1123,Runda,Apartment,Unfurnished,4,4,105.4,532096.0,1864.0,4.1,8.7,8.0,94.1,3,Yes,Yes,Family,Vacant,79.7,516575.0,532096.0
1124,Langata,Maisonette,Semi-Furnished,5,5,63.5,184877.0,4531.0,1.2,6.0,6.2,91.2,3,Yes,Yes,Family,Occupied,90.5,169389.0,184877.0
1125,Roysambu,Townhouse,Unfurnished,1,1,68.9,90627.0,11929.0,1.2,4.5,8.1,90.6,1,No,Yes,Family,Occupied,73.2,85936.0,90627.0
1126,Embakasi,Apartment,Unfurnished,5,6,94.7,137232.0,1482.0,5.3,21.6,5.9,91.4,3,Yes,Yes,Expat,Occupied,76.8,120728.0,137232.0
1127,Donholm,Maisonette,Furnished,2,2,77.4,77940.0,2082.0,18.8,5.8,5.6,80.8,2,Yes,No,Student,Occupied,66.4,73310.0,77940.0
1128,Kilimani,Apartment,Unfurnished,4,3,97.2,295861.0,3740.0,17.6,11.8,7.5,94.8,3,No,Yes,Professional,Vacant,84.2,258997.0,295861.0
1129,Westlands,Maisonette,Semi-Furnished,3,4,79.4,269881.0,3148.0,16.3,6.1,6.0,95.7,2,No,Yes,Family,Occupied,82.0,250592.0,269881.0
1130,Donholm,Bedsitter,Unfurnished,5,6,66.3,154084.0,5399.0,13.0,3.3,6.2,95.8,2,No,No,Expat,Occupied,77.2,131823.0,154084.0
1131,Embakasi,Maisonette,Semi-Furnished,3,2,58.6,106296.0,2022.0,28.8,10.2,8.2,81.3,2,No,Yes,Expat,Occupied,64.5,96913.0,106296.0
1132,Umoja,Apartment,Unfurnished,3,4,92.3,95596.0,2777.0,12.9,6.4,7.8,75.5,2,No,No,Family,Vacant,68.2,82701.0,95596.0
1133,Kasarani,Apartment,Furnished,3,2,92.6,102134.0,4174.0,9.0,7.9,6.6,90.6,2,No,Yes,Professional,Occupied,56.7,90849.0,102134.0
1134,Langata,Apartment,Unfurnished,1,2,99.6,184917.0,4276.0,2.3,24.0,5.0,83.6,2,Yes,Yes,Family,Occupied,68.0,157161.0,184917.0
1135,Embakasi,Apartment,Unfurnished,2,3,89.9,116488.0,24894.0,10.3,14.5,6.1,88.8,1,Yes,Yes,Expat,Occupied,82.1,102057.0,116488.0
1136,Langata,Apartment,Unfurnished,2,1,30.0,123444.0,6963.0,6.5,17.6,9.3,73.1,1,No,Yes,Professional,Occupied,79.0,108364.0,123444.0
1137,Ruaka,Apartment,Semi-Furnished,5,4,92.6,256275.0,1369.0,8.4,16.9,8.2,90.6,3,No,Yes,Expat,Vacant,76.6,239570.0,256275.0
1138,Langata,Apartment,Semi-Furnished,3,2,63.1,171459.0,1977.0,17.4,11.4,8.7,94.8,2,No,Yes,Student,Occupied,89.8,155064.0,171459.0
1139,Lavington,Apartment,Unfurnished,4,3,57.0,257136.0,1551.0,13.9,9.4,7.3,95.5,2,Yes,No,Expat,Occupied,78.0,239527.0,257136.0
1140,Ruaka,Maisonette,Semi-Furnished,5,5,55.2,190595.0,12454.0,12.6,13.5,6.6,85.5,3,Yes,Yes,Family,Occupied,69.2,184525.0,190595.0
1141,South C,Apartment,Semi-Furnished,4,4,53.8,147860.0,1904.0,6.9,13.0,8.1,88.7,2,No,Yes,Professional,Occupied,68.0,130091.0,147860.0
1142,Donholm,Apartment,Unfurnished,4,3,89.2,123025.0,6070.0,11.3,8.6,8.5,77.7,2,No,No,Family,Occupied,72.7,115475.0,123025.0
1143,Kasarani,Apartment,Unfurnished,6,6,74.0,111397.0,5659.0,34.7,12.8,6.4,86.9,4,No,Yes,Student,Occupied,70.5,102237.0,111397.0
1144,Ruaka,Apartment,Semi-Furnished,4,3,62.2,200634.0,1442.0,18.3,7.8,6.1,87.7,3,Yes,No,Professional,Vacant,84.5,187037.0,200634.0
1145,Umoja,Townhouse,Semi-Furnished,4,3,85.3,102042.0,3001.0,5.9,11.0,5.2,98.1,3,Yes,Yes,Professional,Occupied,79.2,96271.0,102042.0
1146,Westlands,Apartment,Semi-Furnished,5,6,68.4,376508.0,3344.0,9.1,10.0,6.1,89.8,3,Yes,Yes,Professional,Occupied,71.8,362003.0,376508.0
1147,Embakasi,Maisonette,Unfurnished,6,5,99.7,198539.0,1331.0,10.6,4.4,7.8,78.4,4,No,Yes,Expat,Occupied,72.2,183716.0,198539.0
1148,Karen,Townhouse,Unfurnished,3,2,106.8,405806.0,14038.0,8.1,0.0,6.3,91.7,1,No,Yes,Family,Occupied,82.0,389351.0,405806.0
1149,Westlands,Maisonette,Unfurnished,2,1,81.7,214118.0,4534.0,28.8,6.4,8.1,96.9,1,No,No,Professional,Occupied,85.1,192717.0,214118.0
1150,South C,Bedsitter,Unfurnished,2,1,105.7,181497.0,12273.0,8.7,22.8,9.4,96.2,2,No,Yes,Professional,Occupied,56.6,175708.0,181497.0
1151,Westlands,Maisonette,Semi-Furnished,3,4,105.6,302438.0,18876.0,10.6,10.1,7.0,91.0,2,No,No,Professional,Vacant,73.3,258273.0,302438.0
1152,Kileleshwa,Townhouse,Furnished,6,5,86.3,301821.0,4500.0,16.7,16.7,7.0,79.6,3,No,No,Student,Vacant,75.9,256876.0,301821.0
1153,Umoja,Bedsitter,Furnished,2,3,111.0,96003.0,5227.0,8.3,0.0,7.7,94.3,1,Yes,Yes,Professional,Occupied,80.5,89247.0,96003.0
1154,Karen,Bedsitter,Semi-Furnished,5,4,75.7,415460.0,2318.0,3.6,6.0,6.3,99.2,3,Yes,No,Expat,Vacant,76.1,388633.0,415460.0
1155,Ruaka,Bedsitter,Unfurnished,4,5,55.7,193854.0,10234.0,5.2,3.9,,90.8,3,No,Yes,Expat,Vacant,79.1,185389.0,193854.0
1156,Ruaka,Apartment,Unfurnished,1,1,61.7,139679.0,3891.0,5.2,10.8,6.3,90.3,1,Yes,No,Professional,Occupied,72.6,119821.0,139679.0
1157,Ruaka,Bedsitter,Semi-Furnished,5,6,75.0,215341.0,2992.0,8.4,26.5,5.6,92.6,3,No,No,Expat,Occupied,66.9,192607.0,215341.0
1158,South C,Apartment,Semi-Furnished,3,4,93.0,169482.0,2351.0,10.0,14.8,8.1,87.0,3,No,Yes,Expat,Occupied,82.8,151118.0,169482.0
1159,Lavington,Apartment,Unfurnished,6,5,67.7,346061.0,4236.0,2.8,22.2,6.4,97.5,4,Yes,Yes,Professional,Occupied,83.2,297207.0,346061.0
1160,Donholm,Apartment,Unfurnished,4,5,74.9,110562.0,6217.0,21.2,10.5,8.3,91.9,2,Yes,Yes,Expat,Occupied,81.5,94772.0,110562.0
1161,Embakasi,Apartment,Furnished,5,6,66.3,118030.0,4640.0,8.4,20.2,7.6,94.2,4,Yes,Yes,Student,Occupied,83.3,102257.0,118030.0
1162,Roysambu,Apartment,Unfurnished,4,3,75.2,-5000.0,5562.0,11.4,24.4,7.0,99.0,2,No,Yes,Professional,Occupied,65.3,103340.0,118429.0
1163,South B,Apartment,Unfurnished,3,3,105.1,166941.0,3460.0,6.8,11.3,8.0,86.7,1,Yes,No,Family,Occupied,69.9,143718.0,166941.0
1164,Donholm,Bedsitter,Furnished,2,2,90.4,104244.0,5729.0,11.0,8.8,5.9,89.2,1,No,Yes,Expat,Occupied,86.2,89758.0,104244.0
1165,South C,Apartment,Unfurnished,4,4,76.3,164250.0,5608.0,7.6,4.1,6.1,95.4,3,Yes,Yes,Professional,Occupied,78.6,151341.0,164250.0
1166,Kilimani,Maisonette,Furnished,5,6,103.3,316485.0,9418.0,7.1,10.1,7.9,87.4,3,No,Yes,Family,Occupied,75.6,269118.0,316485.0
1167,Umoja,Apartment,Unfurnished,2,1,85.4,90978.0,7075.0,2.6,12.5,4.4,95.2,1,Yes,Yes,Student,Vacant,72.5,80060.0,90978.0
1168,Embakasi,Apartment,Unfurnished,2,2,87.0,112154.0,4484.0,11.8,24.2,7.0,94.6,2,No,Yes,Student,Occupied,87.7,103317.0,112154.0
1169,Donholm,Maisonette,Unfurnished,3,3,102.1,110604.0,5379.0,5.1,4.2,7.7,91.6,3,No,Yes,Professional,Occupied,57.3,100888.0,110604.0
1170,Kasarani,Bedsitter,Unfurnished,3,3,79.9,115306.0,1797.0,4.0,12.4,8.6,79.7,2,No,Yes,Professional,Occupied,77.9,101764.0,115306.0
1171,South C,Apartment,Semi-Furnished,2,2,98.7,248639.0,9843.0,5.7,1.1,8.8,94.1,1,No,Yes,Student,Occupied,74.3,229336.0,248639.0
1172,Kileleshwa,Maisonette,Unfurnished,3,2,97.7,262477.0,3379.0,5.0,9.4,6.8,75.1,1,No,No,Student,Occupied,62.5,227453.0,262477.0
1173,South B,Maisonette,Unfurnished,6,6,82.8,192195.0,3687.0,1.4,13.9,7.9,85.9,3,Yes,No,Student,Occupied,91.2,182659.0,192195.0
1174,Kileleshwa,Apartment,Unfurnished,1,2,64.1,153259.0,2879.0,18.7,15.1,6.0,92.0,0,No,Yes,Family,Occupied,48.1,131424.0,153259.0
1175,Ruaka,Apartment,Unfurnished,2,3,85.2,163345.0,2163.0,15.0,15.5,6.5,77.1,1,No,No,Family,Vacant,76.2,151923.0,163345.0
1176,South B,Townhouse,Unfurnished,3,2,102.1,167940.0,2270.0,7.5,14.4,8.6,85.9,2,No,Yes,Professional,Occupied,80.3,159501.0,167940.0
1177,Donholm,Bedsitter,Unfurnished,3,3,97.3,106097.0,1893.0,13.4,15.5,7.0,88.1,1,Yes,No,Family,Occupied,65.2,91565.0,106097.0
1178,Kasarani,Apartment,Semi-Furnished,6,6,110.7,156743.0,3403.0,14.0,12.3,7.2,95.7,3,Yes,Yes,Expat,Occupied,77.8,147049.0,156743.0
1179,Ruaka,Maisonette,Unfurnished,3,4,77.6,179467.0,7211.0,6.5,5.7,5.8,95.4,2,Yes,No,Student,Occupied,72.8,155180.0,179467.0
1180,Roysambu,Apartment,Unfurnished,4,3,96.7,121263.0,3960.0,19.0,0.9,7.5,95.3,2,Yes,No,Professional,Occupied,84.9,112862.0,121263.0
1181,Umoja,Apartment,Unfurnished,4,5,69.9,103037.0,6402.0,4.2,8.7,7.9,92.3,3,No,No,Family,Vacant,100.0,88060.0,103037.0
1182,Kilimani,Apartment,Unfurnished,4,3,88.0,288970.0,5635.0,3.7,11.2,7.9,69.1,2,Yes,No,Professional,Occupied,78.4,271880.0,288970.0
1183,Embakasi,Maisonette,Semi-Furnished,3,2,101.6,110405.0,2940.0,17.4,19.5,5.5,91.6,2,Yes,No,Family,Vacant,81.0,106113.0,110405.0
1184,Lavington,Bedsitter,Semi-Furnished,4,3,98.6,376326.0,9573.0,10.5,11.4,8.2,86.6,3,No,Yes,Professional,Occupied,65.2,321515.0,376326.0
1185,Kileleshwa,Bedsitter,Unfurnished,4,5,86.5,285584.0,8099.0,4.9,10.8,5.8,89.2,2,No,No,Student,Occupied,77.1,270735.0,285584.0
1186,Kileleshwa,Apartment,Unfurnished,4,3,81.0,257604.0,7150.0,8.7,14.3,7.0,90.9,3,No,Yes,Student,Occupied,71.3,219870.0,257604.0
1187,Ruaka,Apartment,Semi-Furnished,4,5,70.1,197970.0,5383.0,8.2,10.4,5.1,82.9,2,Yes,Yes,Student,Occupied,82.8,171612.0,197970.0
1188,Langata,Apartment,Unfurnished,2,3,81.6,145213.0,3172.0,7.6,16.9,6.8,94.8,1,Yes,Yes,Family,Occupied,60.7,139322.0,145213.0
1189,South B,Maisonette,Semi-Furnished,3,3,65.3,146467.0,3167.0,4.9,23.9,5.8,76.8,1,No,No,Professional,Occupied,64.3,133544.0,146467.0
1190,Runda,Apartment,Unfurnished,3,4,79.9,404659.0,3941.0,4.9,25.1,6.5,95.1,1,Yes,Yes,Professional,Occupied,86.8,388718.0,404659.0
1191,Roysambu,Apartment,Semi-Furnished,2,3,57.9,82810.0,10557.0,15.5,12.6,7.1,87.5,1,Yes,No,Professional,Occupied,77.1,76714.0,82810.0
1192,Embakasi,Maisonette,Furnished,2,2,65.2,95380.0,8799.0,7.1,14.0,8.0,98.4,1,Yes,No,Expat,Occupied,88.2,88092.0,95380.0
1193,South B,Apartment,Furnished,3,3,97.8,181094.0,1466.0,16.2,21.5,8.0,93.7,2,No,Yes,Family,Occupied,78.6,161699.0,181094.0
1194,Langata,Townhouse,Furnished,3,3,96.1,191938.0,4826.0,2.2,11.1,4.2,70.6,2,Yes,Yes,Student,Occupied,80.1,163159.0,191938.0
1195,Westlands,Apartment,Semi-Furnished,4,3,80.7,292273.0,706.0,14.1,16.1,7.8,99.6,2,No,No,Student,Occupied,71.9,276915.0,292273.0
1196,South B,Bedsitter,Furnished,6,5,86.0,195163.0,2954.0,3.9,5.2,7.2,97.4,3,No,No,Professional,Occupied,73.1,180812.0,195163.0
1197,Lavington,Apartment,Furnished,3,3,88.0,273273.0,2505.0,24.8,10.1,6.3,90.7,2,No,Yes,Professional,Occupied,84.6,244416.0,273273.0
1198,Embakasi,Townhouse,Unfurnished,4,3,91.9,128344.0,5939.0,12.5,18.9,5.9,86.4,2,Yes,Yes,Expat,Occupied,73.6,121571.0,128344.0
1199,Donholm,Apartment,Unfurnished,6,6,90.3,137443.0,1879.0,4.3,7.7,6.9,96.9,4,Yes,Yes,Family,Occupied,86.8,120924.0,137443.0
1200,Roysambu,Apartment,Semi-Furnished,4,3,64.9,113257.0,1380.0,14.1,11.2,7.3,90.2,2,No,Yes,Professional,Vacant,73.9,103853.0,113257.0
1201,Langata,Apartment,Unfurnished,6,6,48.4,192796.0,2838.0,3.3,2.6,7.5,96.8,4,Yes,Yes,Professional,Occupied,63.2,164441.0,192796.0
1202,Westlands,Apartment,Furnished,6,5,69.7,328892.0,4002.0,7.7,24.0,6.8,87.7,3,No,No,Family,Occupied,62.3,292483.0,328892.0
1203,Umoja,Apartment,Unfurnished,6,5,82.7,117684.0,1191.0,1.6,19.6,4.0,77.2,4,No,No,Professional,Occupied,73.3,108518.0,117684.0
1204,Karen,Townhouse,Unfurnished,2,3,99.4,363119.0,8924.0,2.5,13.1,6.4,88.8,1,Yes,No,Student,Occupied,84.2,319107.0,363119.0
1205,Langata,Apartment,Semi-Furnished,2,2,88.5,162967.0,3495.0,5.9,15.0,5.6,93.2,1,No,Yes,Family,Occupied,68.3,140998.0,162967.0
1206,Karen,Maisonette,Semi-Furnished,1,1,93.0,296399.0,4096.0,15.8,14.4,9.5,91.3,2,No,Yes,Student,Occupied,82.3,257722.0,296399.0
1207,Embakasi,Bedsitter,Semi-Furnished,3,2,71.5,106188.0,8707.0,2.6,20.3,7.1,87.9,2,No,No,Expat,Occupied,76.0,99296.0,106188.0
1208,Kileleshwa,Bedsitter,Semi-Furnished,1,2,83.9,225940.0,2409.0,15.7,8.9,7.9,82.1,1,No,No,Professional,Vacant,81.1,206801.0,225940.0
1209,Langata,Apartment,Unfurnished,3,4,86.0,177659.0,11349.0,2.0,16.4,7.8,90.8,2,No,Yes,Professional,Occupied,72.1,161828.0,177659.0
1210,Umoja,Apartment,Furnished,4,5,73.7,101436.0,,15.7,18.5,7.4,76.1,2,No,No,Family,Occupied,76.8,93209.0,101436.0
1211,Kilimani,Maisonette,Furnished,6,6,69.0,289520.0,7005.0,6.3,19.3,6.5,97.1,3,No,No,Expat,Occupied,84.4,268913.0,289520.0
1212,Ruaka,Townhouse,Furnished,3,3,81.6,186691.0,5490.0,4.7,0.0,6.3,71.1,2,No,No,Family,Occupied,,163347.0,186691.0
1213,Karen,Apartment,Semi-Furnished,4,3,94.9,385044.0,6509.0,20.1,8.4,4.6,93.2,3,Yes,Yes,Expat,Occupied,69.8,373165.0,385044.0
1214,Ruaka,Apartment,Unfurnished,5,4,71.4,193299.0,4244.0,47.6,5.9,7.2,90.1,3,Yes,No,Family,Occupied,,179975.0,193299.0
1215,Lavington,Apartment,Furnished,4,3,81.9,314273.0,2900.0,7.8,12.9,7.4,90.0,3,Yes,Yes,Family,Occupied,80.4,298954.0,314273.0
1216,Kilimani,Townhouse,Unfurnished,3,2,105.3,259144.0,15633.0,11.5,0.0,6.9,95.2,1,Yes,No,Professional,Occupied,67.3,246965.0,259144.0
1217,Ruaka,Apartment,Semi-Furnished,6,6,77.2,239229.0,3968.0,6.1,0.0,7.2,86.8,3,Yes,Yes,Professional,Occupied,69.8,223256.0,239229.0
1218,South C,Apartment,Furnished,3,2,85.1,174269.0,1866.0,17.9,25.0,5.6,82.5,2,No,Yes,Expat,Occupied,64.3,152290.0,174269.0
1219,South C,Maisonette,Unfurnished,4,4,83.4,174596.0,11251.0,12.0,15.7,6.6,76.5,3,Yes,Yes,Student,Occupied,72.7,148540.0,174596.0
1220,Westlands,Apartment,Furnished,4,4,82.2,302778.0,3237.0,12.8,12.7,6.2,90.7,3,No,Yes,Student,Occupied,96.0,273465.0,302778.0
1221,Roysambu,Apartment,Unfurnished,4,5,110.0,148104.0,1204.0,8.4,14.2,7.8,93.5,3,No,No,Family,Occupied,78.5,137026.0,148104.0
1222,Kileleshwa,Bedsitter,Unfurnished,3,4,89.6,240792.0,,10.9,12.9,7.0,91.6,2,No,Yes,Professional,Occupied,68.6,208590.0,240792.0
1223,Embakasi,Townhouse,Semi-Furnished,3,2,61.4,99395.0,1022.0,8.4,18.0,6.2,91.5,1,No,No,Family,Occupied,70.4,95566.0,99395.0
1224,Langata,Apartment,Furnished,1,1,107.9,154570.0,2334.0,8.0,8.2,6.8,85.8,2,Yes,Yes,Expat,Occupied,60.6,148059.0,154570.0
1225,Runda,Apartment,Semi-Furnished,5,6,89.1,506968.0,13776.0,15.5,13.1,5.8,85.3,3,No,Yes,Family,Occupied,63.7,468631.0,506968.0
1226,Lavington,Apartment,Furnished,3,3,79.4,279134.0,5548.0,12.3,13.4,6.6,73.4,3,No,No,Family,Occupied,62.1,254392.0,279134.0
1227,Karen,Apartment,Furnished,6,6,105.2,530054.0,4011.0,6.0,5.7,7.7,93.8,3,No,Yes,Family,Vacant,77.7,461046.0,530054.0
1228,Embakasi,Bedsitter,Semi-Furnished,1,1,73.3,106908.0,2686.0,15.5,19.7,5.4,88.1,2,Yes,No,Expat,Occupied,79.5,91469.0,106908.0
1229,Kilimani,Apartment,Semi-Furnished,4,3,110.7,297957.0,3653.0,11.6,9.3,6.9,91.9,3,No,Yes,Expat,Vacant,75.8,268504.0,297957.0
1230,Kasarani,Apartment,Unfurnished,1,1,86.4,79220.0,8781.0,11.4,18.1,6.1,92.3,1,No,No,Family,Occupied,78.7,71735.0,79220.0
1231,South C,Apartment,Unfurnished,5,5,100.1,205064.0,1119.0,8.1,12.7,5.4,91.7,3,No,Yes,Professional,Occupied,67.3,193101.0,205064.0
1232,Kasarani,Bedsitter,Unfurnished,3,4,131.0,160371.0,31495.0,3.6,21.8,9.2,85.9,2,Yes,No,Expat,Occupied,63.5,146100.0,160371.0
1233,Umoja,Apartment,Furnished,4,5,87.7,93628.0,2169.0,14.7,5.8,8.5,94.8,2,No,Yes,Student,Vacant,63.5,80124.0,93628.0
1234,Lavington,Maisonette,Furnished,2,1,83.5,242611.0,3379.0,19.1,5.5,,88.0,1,No,No,Family,Occupied,63.0,222797.0,242611.0
1235,Runda,Apartment,Unfurnished,2,1,69.0,355474.0,3598.0,5.0,6.6,6.7,87.6,1,No,No,Professional,Occupied,78.6,334847.0,355474.0
1236,Langata,Maisonette,Unfurnished,2,1,83.2,157397.0,3533.0,6.5,12.8,4.6,93.1,2,No,Yes,Expat,Occupied,95.1,145657.0,157397.0
1237,Westlands,Maisonette,Unfurnished,2,3,69.5,243770.0,2514.0,5.0,21.2,5.1,94.5,1,Yes,Yes,Family,Vacant,64.5,220170.0,243770.0
1238,Runda,Apartment,Semi-Furnished,2,3,82.2,365531.0,7423.0,2.8,21.6,5.6,81.9,1,Yes,No,Professional,Occupied,71.6,326429.0,365531.0
1239,Lavington,Apartment,Unfurnished,1,1,128.4,304339.0,8943.0,23.0,0.0,7.0,99.2,1,Yes,No,Student,Occupied,77.0,277970.0,304339.0
1240,Runda,Apartment,Unfurnished,2,2,86.8,379929.0,7853.0,6.4,13.5,6.9,96.8,2,Yes,Yes,Expat,Occupied,72.2,332169.0,379929.0
1241,Lavington,Apartment,Semi-Furnished,2,3,76.7,229465.0,4283.0,15.4,0.0,7.4,94.9,2,Yes,No,Expat,Occupied,78.3,205307.0,229465.0
1242,Lavington,Apartment,Semi-Furnished,1,1,81.9,215851.0,2664.0,17.3,16.8,7.8,91.2,2,Yes,Yes,Student,Occupied,69.2,191059.0,215851.0
1243,South B,Apartment,Unfurnished,5,5,78.8,173292.0,3534.0,4.1,18.7,7.3,91.2,2,Yes,Yes,Expat,Occupied,68.2,149462.0,173292.0
1244,Karen,Apartment,Semi-Furnished,2,3,100.7,327471.0,3788.0,21.4,11.8,5.7,94.9,1,No,No,Professional,Occupied,73.2,282338.0,327471.0
1245,Donholm,Maisonette,Semi-Furnished,3,3,83.6,97169.0,2026.0,6.9,12.5,7.4,86.5,2,No,No,Expat,Occupied,78.3,91623.0,97169.0
1246,Kasarani,Apartment,Unfurnished,2,2,109.1,106886.0,4558.0,14.3,12.4,7.8,87.2,1,Yes,No,Family,Occupied,87.8,95137.0,106886.0
1247,Donholm,Maisonette,Unfurnished,4,5,80.3,103187.0,14181.0,17.5,7.3,6.5,95.2,4,Yes,Yes,Student,Occupied,78.8,90714.0,103187.0
1248,Donholm,Apartment,Semi-Furnished,4,3,81.2,164163.0,3573.0,6.2,14.6,4.8,88.4,2,No,Yes,Family,Occupied,72.5,156067.0,164163.0
1249,Donholm,Maisonette,Semi-Furnished,5,5,71.5,123607.0,5710.0,4.0,10.6,8.4,96.2,3,No,No,Expat,Occupied,83.3,106888.0,123607.0
1250,Ruaka,Bedsitter,Furnished,2,1,79.2,179142.0,2541.0,5.3,17.6,7.1,95.4,2,Yes,No,Family,Vacant,85.0,169470.0,179142.0
1251,South C,Apartment,Unfurnished,3,4,59.0,126399.0,7480.0,15.2,11.3,3.7,85.8,2,No,No,Professional,Occupied,72.0,109923.0,126399.0
1252,South B,Bedsitter,Semi-Furnished,2,2,53.1,127003.0,2539.0,24.6,6.8,9.5,93.2,1,Yes,Yes,Family,Occupied,73.5,120471.0,127003.0
1253,Langata,Apartment,Unfurnished,3,3,94.4,190599.0,3013.0,7.7,2.8,6.4,94.1,2,No,Yes,Professional,Occupied,70.7,167007.0,190599.0
1254,South B,Apartment,Semi-Furnished,4,4,58.8,182982.0,,6.6,0.8,9.9,96.3,2,No,Yes,Professional,Occupied,83.2,173900.0,182982.0
1255,Kileleshwa,Townhouse,Semi-Furnished,3,3,91.1,240361.0,2011.0,35.5,19.9,7.5,98.6,2,Yes,No,Professional,Vacant,75.7,221159.0,240361.0
1256,Kileleshwa,Apartment,Unfurnished,5,5,77.5,272690.0,5447.0,13.2,9.3,6.8,85.6,3,No,Yes,Student,Vacant,60.9,259328.0,272690.0
1257,Ruaka,Apartment,Unfurnished,4,5,99.1,249909.0,8398.0,3.3,14.0,7.2,86.5,1,Yes,Yes,Family,Occupied,79.1,233427.0,249909.0
1258,South C,Maisonette,Semi-Furnished,4,4,59.1,169651.0,4510.0,4.7,22.7,6.1,92.8,2,No,No,Professional,Occupied,89.9,144055.0,169651.0
1259,Runda,Maisonette,Semi-Furnished,4,5,94.0,511102.0,7392.0,2.5,8.6,7.1,86.9,2,No,No,Professional,Occupied,90.7,488554.0,511102.0
1260,Karen,Bedsitter,Unfurnished,2,1,90.0,347796.0,1629.0,10.5,8.2,9.4,80.3,2,No,No,Family,Occupied,70.2,318796.0,347796.0
1261,South C,Apartment,Furnished,4,5,90.4,173817.0,5507.0,8.3,11.2,5.9,89.6,3,Yes,No,Expat,Occupied,68.0,153611.0,173817.0
1262,Ruaka,Bedsitter,Unfurnished,4,4,101.9,239406.0,2924.0,7.1,12.2,7.6,89.0,3,No,Yes,Student,Occupied,94.0,229274.0,239406.0
1263,Lavington,Apartment,Furnished,1,1,86.1,241494.0,5270.0,3.2,23.3,6.1,93.1,0,No,No,Professional,Occupied,90.7,230796.0,241494.0
1264,Kilimani,Maisonette,Unfurnished,2,3,48.3,174313.0,12176.0,4.8,21.4,6.8,95.5,2,No,No,Expat,Vacant,79.7,165777.0,174313.0
1265,Karen,Townhouse,Unfurnished,2,3,91.7,370244.0,498.0,8.3,15.7,9.4,97.1,2,Yes,No,Expat,Vacant,57.9,328595.0,370244.0
1266,Roysambu,Maisonette,Semi-Furnished,4,5,89.8,126958.0,2606.0,8.5,20.7,7.6,97.8,3,Yes,Yes,Expat,Occupied,68.9,108846.0,126958.0
1267,Kasarani,Maisonette,Unfurnished,4,4,81.3,113945.0,809.0,13.3,10.9,7.9,93.4,2,No,Yes,Professional,Occupied,64.1,98748.0,113945.0
1268,Karen,Apartment,Furnished,3,3,72.4,346120.0,,1.9,13.8,7.1,80.1,2,No,No,Professional,Occupied,93.1,293955.0,346120.0
1269,Ruaka,Maisonette,Semi-Furnished,3,4,79.6,203601.0,2885.0,14.8,10.2,10.0,97.9,2,No,No,Professional,Occupied,59.7,182320.0,203601.0
1270,Lavington,Maisonette,Unfurnished,6,6,106.9,458559.0,7346.0,5.4,4.3,5.9,88.4,4,No,No,Family,Occupied,93.0,390522.0,458559.0
1271,Lavington,Apartment,Semi-Furnished,1,1,71.2,209422.0,7083.0,10.7,19.2,5.1,87.6,1,Yes,No,Professional,Occupied,73.9,194677.0,209422.0
1272,Westlands,Maisonette,Unfurnished,2,2,58.9,206788.0,6941.0,21.5,15.2,9.0,92.8,1,No,Yes,Student,Occupied,63.0,189154.0,206788.0
1273,Donholm,Apartment,Furnished,3,3,63.0,86014.0,5956.0,7.9,12.1,6.5,85.4,3,Yes,No,Family,Occupied,84.9,78955.0,86014.0
1274,South C,Bedsitter,Furnished,3,2,84.5,145628.0,1574.0,20.6,12.0,7.5,78.5,2,No,No,Student,Occupied,81.3,140418.0,145628.0
1275,Lavington,Maisonette,Furnished,3,4,110.1,309232.0,7055.0,32.7,3.0,9.1,78.6,3,No,No,Expat,Occupied,62.3,267859.0,309232.0
1276,Kileleshwa,Bedsitter,Furnished,5,6,118.1,338605.0,2504.0,8.9,6.1,7.5,83.3,3,No,No,Family,Vacant,74.7,327563.0,338605.0
1277,Donholm,Apartment,Semi-Furnished,4,3,94.8,120411.0,5506.0,29.1,14.0,9.7,96.9,2,Yes,Yes,Family,Occupied,88.8,105672.0,120411.0
1278,Langata,Bedsitter,Unfurnished,4,5,70.3,176281.0,2116.0,4.8,8.8,7.2,87.4,3,No,No,Family,Occupied,70.9,161569.0,176281.0
1279,Kilimani,Apartment,Unfurnished,2,3,71.9,224921.0,3546.0,11.0,10.7,6.2,91.4,1,Yes,Yes,Student,Vacant,91.8,218171.0,224921.0
1280,Ruaka,Townhouse,Unfurnished,1,1,98.1,161439.0,3838.0,7.1,11.4,4.2,95.5,1,Yes,No,Student,Occupied,67.6,150387.0,161439.0
1281,Kasarani,Apartment,Furnished,4,3,105.0,125006.0,5125.0,9.2,7.9,7.4,88.3,2,Yes,No,Expat,Occupied,58.8,115541.0,125006.0
1282,South C,Apartment,Semi-Furnished,1,1,75.4,116186.0,2236.0,7.3,6.2,4.3,92.6,1,Yes,No,Professional,Occupied,75.5,98907.0,116186.0
1283,Embakasi,Maisonette,Furnished,2,3,106.4,143287.0,6394.0,1.8,2.3,7.4,96.9,2,No,No,Student,Occupied,60.4,126897.0,143287.0
1284,Kileleshwa,Apartment,Semi-Furnished,3,2,81.6,240945.0,1605.0,10.5,11.1,8.8,86.0,2,No,Yes,Expat,Occupied,76.2,216768.0,240945.0
1285,Umoja,Bedsitter,Unfurnished,3,4,95.7,95910.0,13232.0,5.8,15.7,7.0,92.1,1,No,Yes,Professional,Vacant,75.1,91425.0,95910.0
1286,Roysambu,Bedsitter,Furnished,2,2,102.2,115191.0,2378.0,15.4,2.1,7.2,87.8,1,Yes,No,Family,Vacant,67.4,105809.0,115191.0
1287,Runda,Maisonette,Semi-Furnished,3,3,62.8,342939.0,1022.0,18.6,11.9,8.1,93.9,2,Yes,Yes,Professional,Vacant,93.8,331226.0,342939.0
1288,Lavington,Bedsitter,Unfurnished,4,3,91.8,339827.0,3826.0,4.7,13.7,7.8,82.3,3,Yes,Yes,Student,Occupied,75.0,296986.0,339827.0
1289,Embakasi,Apartment,Semi-Furnished,6,6,106.4,167101.0,3016.0,3.0,6.1,8.4,97.0,3,Yes,No,Expat,Occupied,83.6,158477.0,167101.0
1290,Lavington,Apartment,Semi-Furnished,3,4,76.6,404107.0,2116.0,4.8,20.5,,93.6,2,No,No,Family,Occupied,84.3,361079.0,404107.0
1291,Karen,Apartment,Furnished,4,5,69.2,355586.0,10322.0,4.0,9.7,4.3,90.4,2,Yes,Yes,Family,Occupied,92.6,313317.0,355586.0
1292,Kileleshwa,Apartment,Semi-Furnished,3,2,92.4,262634.0,6825.0,5.4,11.4,8.4,97.7,2,No,Yes,Professional,Vacant,62.9,242064.0,262634.0
1293,Karen,Apartment,Unfurnished,4,5,87.0,403688.0,5561.0,7.9,11.0,6.7,84.8,3,Yes,Yes,Professional,Vacant,57.4,358869.0,403688.0
1294,Westlands,Bedsitter,Furnished,2,3,80.1,235776.0,2062.0,14.5,1.4,5.9,91.9,1,Yes,No,Student,Occupied,92.2,205983.0,235776.0
1295,Karen,Maisonette,Semi-Furnished,4,5,85.0,395463.0,2777.0,20.0,18.1,7.4,97.6,3,Yes,Yes,Family,Occupied,80.8,373919.0,395463.0
1296,Westlands,Apartment,Furnished,2,2,59.9,250696.0,2624.0,16.4,6.3,7.2,90.3,1,No,No,Professional,Occupied,76.3,223810.0,250696.0
1297,Roysambu,Maisonette,Semi-Furnished,1,2,91.1,82807.0,1120.0,26.2,10.6,6.1,96.3,1,Yes,No,Family,Occupied,73.7,72632.0,82807.0
1298,Ruaka,Townhouse,Furnished,5,5,108.9,270797.0,4866.0,3.4,15.6,5.5,99.0,2,No,Yes,Expat,Occupied,71.9,249915.0,270797.0
1299,Westlands,Maisonette,Unfurnished,4,5,74.3,290998.0,5121.0,8.2,20.8,7.6,88.0,2,No,Yes,Expat,Occupied,83.6,275991.0,290998.0
1300,Embakasi,Bedsitter,Unfurnished,2,3,72.6,103731.0,4383.0,4.7,5.5,6.0,80.7,1,Yes,No,Student,Occupied,60.6,96681.0,103731.0
1301,Donholm,Apartment,Unfurnished,1,2,87.6,104115.0,4718.0,15.8,9.3,7.1,78.6,1,No,Yes,Family,Occupied,79.8,88990.0,104115.0
1302,Lavington,Apartment,Semi-Furnished,4,4,127.7,427302.0,1821.0,10.0,20.3,7.4,98.1,2,Yes,Yes,Professional,Occupied,85.3,394330.0,427302.0
1303,Runda,Apartment,Unfurnished,3,4,101.5,486472.0,2151.0,5.0,14.8,8.2,92.3,2,Yes,No,Expat,Occupied,82.4,465010.0,486472.0
1304,Donholm,Apartment,Unfurnished,2,1,83.6,99680.0,3224.0,14.5,16.0,9.5,78.8,2,No,Yes,Expat,Occupied,74.3,95625.0,99680.0
1305,Kasarani,Townhouse,Semi-Furnished,2,3,85.6,110726.0,10605.0,15.7,5.7,7.3,67.7,1,No,Yes,Student,Occupied,75.0,104748.0,110726.0
1306,Ruaka,Maisonette,Unfurnished,4,4,103.0,231677.0,9080.0,7.1,9.7,6.5,98.2,2,No,No,Expat,Occupied,87.9,220829.0,231677.0
1307,Karen,Apartment,Furnished,5,5,71.4,399779.0,5778.0,12.8,11.0,,89.8,3,Yes,Yes,Student,Occupied,80.8,362035.0,399779.0
1308,Umoja,Apartment,Furnished,4,3,94.2,110448.0,16488.0,8.9,6.9,8.3,82.9,2,Yes,Yes,Family,Occupied,92.6,102065.0,110448.0
1309,Kasarani,Maisonette,Unfurnished,5,4,68.2,137384.0,5749.0,7.0,2.0,7.2,95.7,2,Yes,Yes,Professional,Occupied,57.6,118823.0,137384.0
1310,Kileleshwa,Apartment,Semi-Furnished,6,5,98.9,336236.0,6280.0,7.2,8.9,7.3,82.7,3,No,No,Family,Occupied,84.1,289320.0,336236.0
1311,Westlands,Apartment,Unfurnished,6,6,80.6,357925.0,11337.0,5.6,20.1,7.0,78.8,3,No,No,Family,Occupied,66.9,325093.0,357925.0
1312,Lavington,Maisonette,Semi-Furnished,3,4,88.0,284422.0,6548.0,10.1,12.4,7.2,97.5,2,No,Yes,Family,Occupied,74.3,244500.0,284422.0
1313,Kilimani,Apartment,Unfurnished,3,4,79.6,314576.0,12759.0,8.2,20.2,6.9,92.6,2,No,No,Professional,Occupied,88.8,286612.0,314576.0
1314,South C,Apartment,Unfurnished,5,4,95.5,197298.0,4105.0,12.3,13.1,5.8,85.0,2,Yes,Yes,Family,Occupied,65.0,175175.0,197298.0
1315,Embakasi,Apartment,Unfurnished,6,5,82.4,140607.0,2570.0,1.0,7.4,7.0,94.5,3,Yes,No,Family,Occupied,96.2,133355.0,140607.0
1316,Runda,Maisonette,Semi-Furnished,4,5,117.4,544821.0,3764.0,12.5,19.7,9.1,79.4,3,Yes,Yes,Student,Occupied,86.1,524933.0,544821.0
1317,South B,Bedsitter,Furnished,2,1,106.3,166128.0,4752.0,0.4,13.3,6.0,95.1,1,No,Yes,Student,Occupied,80.8,157615.0,166128.0
1318,Embakasi,Apartment,Semi-Furnished,4,5,65.4,111331.0,2136.0,12.4,17.8,6.7,89.7,3,No,No,Student,Occupied,65.7,104264.0,111331.0
1319,Roysambu,Apartment,Furnished,5,6,87.9,132340.0,2444.0,9.2,5.6,5.9,87.5,2,Yes,Yes,Professional,Occupied,73.2,115819.0,132340.0
1320,Kilimani,Apartment,Furnished,2,3,96.0,263238.0,2993.0,1.5,18.2,8.4,95.7,1,Yes,Yes,Expat,Occupied,71.4,249272.0,263238.0
1321,Umoja,Bedsitter,Unfurnished,4,5,78.1,111980.0,1865.0,9.0,18.4,8.0,89.5,3,No,No,Expat,Occupied,62.7,106688.0,111980.0
1322,South C,Maisonette,Unfurnished,1,1,103.2,149814.0,2666.0,13.1,13.7,5.5,95.7,0,No,No,Family,Occupied,85.9,128140.0,149814.0
1323,Kilimani,Apartment,Unfurnished,2,3,101.4,230277.0,6731.0,8.9,7.2,4.6,92.9,1,No,No,Expat,Occupied,71.0,203188.0,230277.0
1324,Karen,Maisonette,Semi-Furnished,4,3,83.7,394438.0,7015.0,8.2,11.7,8.0,98.6,2,Yes,No,Family,Occupied,73.2,358256.0,394438.0
1325,Westlands,Apartment,Semi-Furnished,1,1,99.7,242422.0,1507.0,6.5,15.7,5.4,91.5,1,No,Yes,Student,Occupied,73.7,232151.0,242422.0
1326,Ruaka,Apartment,Furnished,2,1,48.8,136177.0,4996.0,10.1,13.4,8.0,92.3,2,No,Yes,Family,Occupied,72.9,117620.0,136177.0
1327,Runda,Apartment,Unfurnished,4,3,105.4,508902.0,3833.0,11.7,15.6,6.2,85.1,2,Yes,Yes,Professional,Occupied,80.3,486411.0,508902.0
1328,Langata,Apartment,Unfurnished,3,3,98.3,187439.0,8398.0,7.7,18.1,7.8,89.5,3,No,Yes,Expat,Occupied,68.8,167109.0,187439.0
1329,Westlands,Apartment,Unfurnished,3,4,68.7,248546.0,3333.0,8.4,8.1,7.5,93.0,1,Yes,Yes,Family,Occupied,85.2,219922.0,248546.0
1330,Langata,Apartment,Unfurnished,6,6,88.8,237157.0,1690.0,4.4,5.1,6.4,91.2,3,Yes,Yes,Student,Occupied,69.0,217571.0,237157.0
1331,Kasarani,Apartment,Unfurnished,2,1,54.6,151217.0,2862.0,14.9,11.8,5.9,96.3,2,No,Yes,Professional,Occupied,74.7,129613.0,151217.0
1332,Ruaka,Bedsitter,Semi-Furnished,3,2,73.5,185146.0,1740.0,4.6,10.0,7.7,83.4,2,No,Yes,Family,Occupied,61.9,178436.0,185146.0
1333,South C,Apartment,Semi-Furnished,2,1,101.4,154550.0,830.0,10.3,16.7,6.2,95.8,0,No,Yes,Family,Occupied,85.7,134074.0,154550.0
1334,Lavington,Maisonette,Unfurnished,2,3,84.8,266189.0,3876.0,8.3,5.6,8.3,93.2,3,Yes,Yes,Family,Occupied,88.3,239149.0,266189.0
1335,South B,Townhouse,Semi-Furnished,3,3,84.0,163634.0,5787.0,4.7,18.1,6.0,76.7,2,No,No,Professional,Occupied,82.2,145883.0,163634.0
1336,Kileleshwa,Apartment,Semi-Furnished,4,4,85.7,269017.0,4587.0,16.8,20.1,7.4,91.9,3,Yes,Yes,Family,Occupied,76.7,228363.0,269017.0
1337,Donholm,Apartment,Unfurnished,4,4,83.9,116423.0,1637.0,2.0,12.0,6.5,93.4,2,Yes,Yes,Student,Occupied,74.6,104191.0,116423.0
1338,Ruaka,Apartment,Unfurnished,4,4,99.8,232040.0,1561.0,7.1,12.4,7.0,91.3,4,Yes,No,Student,Occupied,59.4,201852.0,232040.0
1339,Westlands,Apartment,Unfurnished,6,5,75.7,402131.0,4687.0,9.2,7.4,6.2,81.9,4,No,No,Student,Occupied,61.5,381880.0,402131.0
1340,Runda,Apartment,Unfurnished,4,5,91.3,467070.0,13211.0,21.9,8.7,6.8,93.7,4,Yes,Yes,Student,Occupied,82.5,405657.0,467070.0
1341,Donholm,Maisonette,Unfurnished,6,5,67.8,159723.0,9961.0,12.7,9.5,3.9,93.7,4,No,No,Professional,Occupied,73.2,139598.0,159723.0
1342,Roysambu,Bedsitter,Furnished,6,6,96.1,168908.0,3276.0,2.8,20.7,,96.7,4,Yes,No,Student,Vacant,61.4,143725.0,168908.0
1343,Roysambu,Apartment,Furnished,1,1,80.2,94490.0,4666.0,2.3,11.6,6.3,88.4,0,No,Yes,Student,Occupied,60.9,80736.0,94490.0
1344,Kilimani,Maisonette,Unfurnished,1,1,84.4,187869.0,7625.0,19.5,4.1,6.9,82.1,1,No,Yes,Expat,Vacant,81.3,176885.0,187869.0
1345,Donholm,Apartment,Unfurnished,3,4,79.6,143191.0,3638.0,19.0,13.5,8.6,94.3,2,No,No,Student,Occupied,83.7,130205.0,143191.0
1346,Runda,Maisonette,Furnished,6,6,81.5,527910.0,1571.0,13.7,17.0,6.2,86.4,4,No,Yes,Professional,Occupied,59.7,452472.0,527910.0
1347,South C,Bedsitter,Unfurnished,4,3,69.9,161784.0,559.0,5.2,11.8,8.7,91.0,3,Yes,Yes,Expat,Occupied,76.5,143666.0,161784.0
1348,Kasarani,Bedsitter,Furnished,2,3,89.9,127172.0,4570.0,5.4,20.8,6.0,87.2,1,No,Yes,Expat,Occupied,78.9,115658.0,127172.0
1349,Langata,Apartment,Semi-Furnished,4,4,93.3,233848.0,3501.0,2.3,16.7,5.7,97.4,3,No,Yes,Professional,Occupied,69.2,223491.0,233848.0
1350,Kilimani,Apartment,Unfurnished,1,1,65.0,177433.0,1219.0,14.8,5.7,4.7,93.6,2,Yes,No,Expat,Occupied,87.4,163871.0,177433.0
1351,Roysambu,Townhouse,Furnished,2,3,76.1,96082.0,1482.0,3.6,8.7,7.7,86.7,2,No,Yes,Family,Occupied,71.6,85045.0,96082.0
1352,Kileleshwa,Apartment,Furnished,2,1,85.5,224304.0,3348.0,10.7,13.4,7.1,96.9,2,Yes,Yes,Student,Occupied,57.8,195636.0,224304.0
1353,Kileleshwa,Townhouse,Semi-Furnished,2,3,76.0,227125.0,2745.0,8.8,2.0,7.7,97.7,2,Yes,No,Family,Vacant,73.1,207027.0,227125.0
1354,Westlands,Apartment,Unfurnished,2,1,81.7,250198.0,10966.0,6.7,14.0,7.2,98.6,2,No,Yes,Professional,Occupied,88.7,240951.0,250198.0
1355,South C,Apartment,Semi-Furnished,2,2,109.2,177338.0,10864.0,5.8,1.4,7.0,96.5,2,No,No,Family,Vacant,71.5,157637.0,177338.0
1356,Lavington,Apartment,Unfurnished,1,1,69.7,213749.0,2220.0,10.8,18.1,7.3,94.3,1,Yes,Yes,Professional,Occupied,64.5,182967.0,213749.0
1357,Roysambu,Apartment,Unfurnished,1,2,50.3,65160.0,11535.0,19.8,17.4,9.6,86.2,1,No,Yes,Family,Occupied,81.3,58997.0,65160.0
1358,Umoja,Townhouse,Furnished,3,3,76.0,94227.0,12480.0,11.7,15.0,6.4,96.8,2,No,No,Student,Occupied,77.6,80586.0,94227.0
1359,South C,Apartment,Unfurnished,6,6,80.1,204186.0,4940.0,8.1,7.9,9.5,88.5,3,No,Yes,Professional,Occupied,75.0,188518.0,204186.0
1360,Kasarani,Apartment,Furnished,5,5,77.7,118335.0,2097.0,14.8,13.0,8.0,92.8,3,No,Yes,Professional,Occupied,79.8,101754.0,118335.0
1361,Langata,Apartment,Unfurnished,3,3,89.0,164541.0,4374.0,21.6,8.9,7.4,96.7,2,Yes,No,Professional,Occupied,68.1,143335.0,164541.0
1362,Runda,Apartment,Unfurnished,2,1,69.6,363618.0,909.0,5.0,5.8,7.7,89.6,1,No,Yes,Expat,Occupied,69.0,309656.0,363618.0
1363,Donholm,Apartment,Unfurnished,3,4,67.4,100398.0,2667.0,9.9,10.0,3.2,92.1,1,Yes,Yes,Student,Occupied,82.3,87405.0,100398.0
1364,Roysambu,Apartment,Furnished,2,3,74.9,109990.0,4849.0,4.3,16.2,6.7,92.5,2,No,Yes,Expat,Occupied,65.3,102010.0,109990.0
1365,Donholm,Maisonette,Semi-Furnished,3,3,75.2,97346.0,5270.0,20.3,12.3,6.2,98.2,3,Yes,Yes,Expat,Occupied,91.1,83552.0,97346.0
1366,Kileleshwa,Apartment,Furnished,4,3,116.8,322608.0,2947.0,12.1,20.7,9.5,81.3,3,No,Yes,Student,Occupied,87.3,285378.0,322608.0
1367,Runda,Apartment,Furnished,6,5,108.3,652410.0,4226.0,8.9,16.6,6.6,80.5,4,Yes,Yes,Professional,Vacant,63.6,618802.0,652410.0
1368,Runda,Apartment,Unfurnished,2,3,60.0,344629.0,1972.0,6.6,16.0,7.0,84.0,1,No,Yes,Expat,Occupied,89.8,332367.0,344629.0
1369,Runda,Apartment,Semi-Furnished,5,6,56.1,417488.0,10779.0,11.9,2.3,6.9,94.3,3,Yes,Yes,Expat,Vacant,76.5,384826.0,417488.0
1370,Kileleshwa,Townhouse,Unfurnished,3,3,83.7,205857.0,11087.0,32.0,10.3,5.4,95.1,2,No,Yes,Professional,Occupied,88.8,179314.0,205857.0
1371,Kasarani,Apartment,Furnished,4,5,113.7,130078.0,6617.0,6.0,5.6,6.3,82.0,2,Yes,No,Student,Occupied,76.3,115858.0,130078.0
1372,Donholm,Apartment,Semi-Furnished,5,5,95.0,133219.0,3336.0,1.2,10.9,8.0,94.3,3,No,No,Student,Occupied,73.2,120118.0,133219.0
1373,Embakasi,Bedsitter,Unfurnished,2,1,84.5,95651.0,2261.0,10.3,7.8,4.4,96.8,2,Yes,Yes,Student,Occupied,72.2,92815.0,95651.0
1374,Donholm,Apartment,Semi-Furnished,1,2,78.2,91978.0,7274.0,7.5,9.7,7.4,80.7,1,No,No,Expat,Vacant,50.5,83973.0,91978.0
1375,Karen,Apartment,Unfurnished,6,5,101.2,503568.0,4579.0,5.1,18.4,5.9,82.6,3,No,No,Student,Vacant,84.3,477923.0,503568.0
1376,Langata,Townhouse,Unfurnished,2,1,87.7,162070.0,1996.0,14.7,14.9,8.6,91.6,3,No,No,Student,Occupied,67.9,147580.0,162070.0
1377,Umoja,Maisonette,Unfurnished,6,6,111.0,121544.0,,11.9,18.0,7.5,86.9,3,No,Yes,Expat,Occupied,84.6,103112.0,121544.0
1378,Embakasi,Townhouse,Semi-Furnished,2,1,59.7,80430.0,2942.0,5.7,2.4,5.2,90.9,1,Yes,No,Student,Occupied,91.7,69221.0,80430.0
1379,Langata,Apartment,Unfurnished,3,3,91.4,163723.0,2198.0,23.2,12.3,6.5,96.3,1,Yes,No,Family,Occupied,69.2,152075.0,163723.0
1380,Kilimani,Apartment,Unfurnished,3,3,76.6,223428.0,7806.0,25.1,17.8,7.5,94.2,2,No,Yes,Student,Occupied,68.6,199663.0,223428.0
1381,South C,Apartment,Unfurnished,3,2,91.2,178017.0,2317.0,4.9,21.0,6.6,95.8,1,No,No,Student,Occupied,85.1,161056.0,178017.0
1382,South C,Apartment,Semi-Furnished,6,5,88.8,231892.0,4394.0,7.5,2.7,7.2,85.9,3,No,No,Professional,Occupied,70.3,220953.0,231892.0
1383,South B,Maisonette,Unfurnished,3,3,92.6,142556.0,9879.0,23.1,9.9,7.0,95.9,2,Yes,Yes,Expat,Occupied,88.2,120967.0,142556.0
1384,South C,Apartment,Unfurnished,3,3,99.7,191976.0,9209.0,4.9,18.2,8.0,86.6,2,No,Yes,Professional,Occupied,68.1,175516.0,191976.0
1385,Donholm,Maisonette,Unfurnished,6,5,105.8,178875.0,5111.0,9.3,10.8,7.5,90.2,3,No,Yes,Family,Occupied,89.4,161753.0,178875.0
1386,Kileleshwa,Maisonette,Furnished,4,4,114.3,321539.0,1771.0,11.1,6.5,6.9,93.1,3,Yes,Yes,Student,Occupied,71.9,285270.0,321539.0
1387,Umoja,Apartment,Furnished,4,4,85.2,92560.0,2841.0,12.9,2.7,7.0,95.9,3,Yes,Yes,Professional,Occupied,78.3,87425.0,92560.0
1388,Lavington,Apartment,Unfurnished,6,6,76.9,354064.0,21836.0,25.6,6.3,5.7,89.8,4,No,No,Professional,Occupied,84.8,332976.0,354064.0
1389,Westlands,Bedsitter,Semi-Furnished,3,4,66.6,245911.0,7812.0,19.0,1.9,8.8,84.3,2,Yes,No,Family,Occupied,80.1,232236.0,245911.0
1390,South B,Apartment,Unfurnished,2,3,91.5,155274.0,,7.8,12.4,10.0,98.5,1,No,No,Student,Vacant,85.7,142759.0,155274.0
1391,Ruaka,Maisonette,Semi-Furnished,5,6,97.5,333057.0,1666.0,10.8,17.4,6.6,96.0,3,No,Yes,Professional,Vacant,60.4,314219.0,333057.0
1392,Ruaka,Apartment,Unfurnished,1,2,64.8,137625.0,1064.0,11.8,4.4,7.1,80.7,0,No,Yes,Student,Occupied,70.9,117733.0,137625.0
1393,Westlands,Apartment,Furnished,3,3,102.2,326518.0,9420.0,4.2,13.5,8.2,91.8,2,No,Yes,Family,Occupied,75.6,287138.0,326518.0
1394,Langata,Bedsitter,Furnished,5,5,83.5,215527.0,9552.0,3.5,17.1,8.2,85.4,3,No,No,Family,Occupied,67.3,185053.0,215527.0
1395,Westlands,Townhouse,Unfurnished,6,6,66.2,333162.0,3918.0,6.8,12.0,7.2,79.8,4,Yes,Yes,Student,Vacant,84.7,287886.0,333162.0
1396,Westlands,Apartment,Unfurnished,4,3,72.3,284595.0,3018.0,10.6,2.3,5.8,93.2,3,Yes,No,Family,Vacant,,250640.0,284595.0
1397,Ruaka,Maisonette,Unfurnished,2,3,70.9,165567.0,8901.0,8.0,14.3,9.2,97.0,2,No,Yes,Expat,Occupied,67.4,155257.0,165567.0
1398,South B,Apartment,Semi-Furnished,2,1,71.1,135053.0,1429.0,0.8,11.7,7.8,98.8,2,No,Yes,Professional,Occupied,84.4,120336.0,135053.0
1399,Kilimani,Maisonette,Unfurnished,3,3,93.5,259842.0,16298.0,4.5,11.1,,82.3,1,No,Yes,Expat,Occupied,64.5,245610.0,259842.0
1400,Donholm,Maisonette,Unfurnished,5,4,98.0,110389.0,6744.0,29.9,8.7,6.1,89.3,3,No,Yes,Expat,Occupied,65.0,105145.0,110389.0
1401,Runda,Apartment,Unfurnished,4,4,110.5,474795.0,1674.0,29.8,12.5,7.1,94.6,3,Yes,No,Family,Occupied,80.1,422083.0,474795.0
1402,South C,Apartment,Furnished,6,5,74.5,209131.0,6976.0,12.7,15.1,4.8,88.8,4,Yes,Yes,Family,Vacant,88.4,186110.0,209131.0
1403,South C,Maisonette,Unfurnished,4,4,90.1,181988.0,2494.0,22.5,26.3,7.9,94.4,3,Yes,Yes,Student,Occupied,76.6,172747.0,181988.0
1404,Kileleshwa,Apartment,Unfurnished,3,3,75.3,219244.0,1580.0,19.8,12.7,8.2,85.2,2,No,No,Expat,Occupied,58.8,202467.0,219244.0
1405,South B,Maisonette,Unfurnished,6,6,85.3,190428.0,6959.0,18.3,21.1,7.3,92.0,4,No,Yes,Professional,Vacant,81.8,183114.0,190428.0
1406,Kileleshwa,Apartment,Furnished,2,2,62.8,178960.0,1857.0,9.6,14.1,5.8,96.4,2,Yes,Yes,Student,Occupied,69.1,157347.0,178960.0
1407,Lavington,Maisonette,Unfurnished,6,6,68.2,352019.0,1579.0,4.2,11.4,7.5,87.2,4,No,No,Student,Vacant,86.2,298796.0,352019.0
1408,Lavington,Maisonette,Unfurnished,4,5,97.0,335854.0,5649.0,14.2,12.9,7.9,97.3,2,No,Yes,Student,Occupied,71.2,294354.0,335854.0
1409,Kileleshwa,Townhouse,Semi-Furnished,6,6,62.7,279441.0,3742.0,10.0,4.7,6.1,96.4,4,No,No,Family,Vacant,86.4,241601.0,279441.0
1410,South B,Apartment,Furnished,3,2,94.2,159736.0,8169.0,3.5,13.8,8.1,82.4,2,No,No,Family,Occupied,70.8,145023.0,159736.0
1411,Kileleshwa,Bedsitter,Semi-Furnished,5,4,74.9,277586.0,3261.0,10.6,0.0,7.6,82.4,3,Yes,Yes,Student,Occupied,68.1,265801.0,277586.0
1412,South C,Bedsitter,Semi-Furnished,5,5,56.1,160430.0,3062.0,8.5,6.8,6.7,82.9,3,No,Yes,Family,Occupied,55.8,140853.0,160430.0
1413,Embakasi,Apartment,Semi-Furnished,5,6,46.9,149770.0,967.0,5.4,12.7,6.3,96.1,4,No,Yes,Family,Occupied,68.4,140171.0,149770.0
1414,Karen,Apartment,Unfurnished,4,5,107.0,458556.0,5719.0,7.2,19.2,6.8,98.8,2,No,Yes,Student,Occupied,76.8,421373.0,458556.0
1415,Ruaka,Apartment,Unfurnished,6,6,56.4,197420.0,3974.0,22.2,20.6,5.8,89.4,3,No,No,Professional,Occupied,76.0,173867.0,197420.0
1416,Ruaka,Maisonette,Unfurnished,1,2,84.0,175706.0,9245.0,5.5,10.6,7.3,95.7,1,No,Yes,Professional,Occupied,81.1,150728.0,175706.0
1417,Umoja,Apartment,Unfurnished,4,4,90.3,103130.0,6850.0,7.6,12.9,7.7,89.4,3,No,Yes,Family,Occupied,87.4,93505.0,103130.0
1418,Westlands,Apartment,Semi-Furnished,4,5,65.3,276819.0,5077.0,7.8,17.9,8.4,93.6,2,No,Yes,Professional,Occupied,75.3,235743.0,276819.0
1419,Karen,Bedsitter,Semi-Furnished,4,3,76.7,397841.0,2413.0,5.4,4.0,7.4,89.1,2,Yes,Yes,Professional,Occupied,75.7,359067.0,397841.0
1420,Donholm,Apartment,Unfurnished,5,5,92.2,131798.0,3009.0,1.5,14.4,7.5,83.2,3,Yes,No,Family,Occupied,86.1,125716.0,131798.0
1421,South B,Apartment,Furnished,4,4,89.4,162586.0,5910.0,13.8,7.0,6.7,91.5,2,Yes,No,Professional,Occupied,77.3,146769.0,162586.0
1422,Kasarani,Townhouse,Semi-Furnished,2,1,78.1,81346.0,3881.0,11.1,11.0,6.0,84.3,1,Yes,No,Family,Occupied,65.8,70180.0,81346.0
1423,Karen,Townhouse,Semi-Furnished,6,6,88.6,497261.0,10859.0,3.7,9.2,6.5,87.7,3,Yes,No,Expat,Occupied,69.8,447698.0,497261.0
1424,Umoja,Apartment,Furnished,2,1,83.5,103289.0,10099.0,11.1,14.6,8.7,93.3,2,No,Yes,Student,Vacant,53.7,90433.0,103289.0
1425,Lavington,Apartment,Unfurnished,5,6,70.4,308266.0,3377.0,23.1,15.3,7.8,96.6,3,Yes,No,Professional,Occupied,65.6,277169.0,308266.0
1426,Langata,Maisonette,Semi-Furnished,4,3,103.0,197344.0,4295.0,15.2,17.3,7.5,76.9,3,No,Yes,Student,Occupied,58.1,177482.0,197344.0
1427,Westlands,Apartment,Semi-Furnished,6,5,88.1,360905.0,2307.0,10.7,14.1,4.8,85.7,4,No,No,Student,Vacant,78.5,336441.0,360905.0
1428,Umoja,Apartment,Furnished,2,2,57.4,82173.0,3746.0,7.8,13.0,7.4,88.8,1,No,Yes,Family,Occupied,87.1,77508.0,82173.0
1429,Runda,Apartment,Unfurnished,4,5,92.8,472405.0,7824.0,8.1,23.1,5.4,96.1,3,No,No,Professional,Occupied,65.6,440743.0,472405.0
1430,Kasarani,Apartment,Semi-Furnished,2,1,75.8,95983.0,2750.0,23.5,2.9,5.5,93.7,1,Yes,No,Professional,Occupied,66.0,87565.0,95983.0
1431,South B,Bedsitter,Unfurnished,4,5,80.7,165623.0,3112.0,4.4,22.2,5.6,79.8,2,No,No,Expat,Vacant,84.4,143840.0,165623.0
1432,Westlands,Apartment,Semi-Furnished,1,1,85.1,230766.0,1776.0,4.6,10.3,6.1,91.7,1,Yes,Yes,Professional,Vacant,70.5,199910.0,230766.0
1433,Donholm,Bedsitter,Furnished,2,2,73.1,124202.0,2712.0,2.5,15.4,8.0,89.0,1,No,Yes,Professional,Vacant,77.6,117782.0,124202.0
1434,Karen,Townhouse,Unfurnished,2,1,112.0,371406.0,,12.6,10.0,7.3,80.6,1,No,Yes,Family,Occupied,82.4,333719.0,371406.0
1435,Lavington,Apartment,Furnished,3,2,62.6,213974.0,3400.0,26.8,7.8,5.9,91.7,3,Yes,Yes,Student,Occupied,67.9,195874.0,213974.0
1436,Kilimani,Maisonette,Semi-Furnished,5,6,85.9,277586.0,1797.0,19.3,14.9,6.3,94.8,3,Yes,No,Expat,Occupied,68.1,248813.0,277586.0
1437,Embakasi,Maisonette,Semi-Furnished,4,3,90.7,129141.0,4668.0,6.4,18.3,7.6,97.8,3,No,No,Professional,Occupied,69.9,114574.0,129141.0
1438,Runda,Apartment,Unfurnished,3,3,85.6,413262.0,3882.0,9.7,14.8,7.8,89.9,2,No,No,Professional,Occupied,59.5,385527.0,413262.0
1439,Kasarani,Apartment,Furnished,4,4,82.1,123942.0,8817.0,6.3,8.7,7.2,89.8,3,No,Yes,Expat,Vacant,79.9,106125.0,123942.0
1440,Embakasi,Bedsitter,Unfurnished,3,2,79.3,110003.0,3659.0,12.7,33.7,5.6,71.7,2,Yes,Yes,Family,Occupied,81.0,93994.0,110003.0
1441,Westlands,Bedsitter,Furnished,1,1,73.0,197736.0,2005.0,5.3,19.2,6.5,86.8,1,No,No,Professional,Occupied,75.8,189076.0,197736.0
1442,Lavington,Maisonette,Semi-Furnished,4,5,72.7,349807.0,7898.0,3.5,17.6,9.9,94.9,3,Yes,Yes,Professional,Vacant,88.6,308077.0,349807.0
1443,Lavington,Apartment,Semi-Furnished,3,4,102.4,301984.0,2041.0,13.8,9.9,5.5,95.4,1,No,No,Expat,Occupied,72.4,291776.0,301984.0
1444,Umoja,Townhouse,Unfurnished,4,4,78.4,90998.0,1618.0,17.8,8.2,7.4,94.6,2,No,No,Student,Occupied,81.2,87753.0,90998.0
1445,Ruaka,Apartment,Semi-Furnished,4,5,117.0,271186.0,1943.0,12.4,10.3,9.5,91.7,3,Yes,Yes,Professional,Occupied,79.9,231058.0,271186.0
1446,Ruaka,Apartment,Furnished,3,2,95.0,198465.0,2624.0,25.4,18.5,6.7,94.7,2,Yes,No,Professional,Occupied,67.0,174978.0,198465.0
1447,Karen,Bedsitter,Semi-Furnished,2,2,45.0,275348.0,1071.0,5.3,6.1,9.2,92.9,2,No,No,Student,Occupied,86.5,255263.0,275348.0
1448,Umoja,Apartment,Furnished,2,3,98.2,79126.0,1202.0,12.2,5.6,6.2,98.9,2,Yes,No,Professional,Occupied,76.3,69993.0,79126.0
1449,South C,Apartment,Furnished,4,4,84.2,175006.0,6951.0,4.1,15.2,4.6,75.5,3,No,Yes,Student,Occupied,84.7,151274.0,175006.0
1450,Karen,Apartment,Unfurnished,3,2,64.2,318936.0,3570.0,6.7,13.9,6.3,86.9,2,No,Yes,Family,Occupied,62.0,274794.0,318936.0
1451,South C,Apartment,Furnished,3,4,104.6,206095.0,3585.0,6.5,7.4,6.1,91.7,2,Yes,Yes,Student,Occupied,76.1,199496.0,206095.0
1452,Ruaka,Apartment,Furnished,6,5,78.5,234069.0,3868.0,12.3,5.5,5.0,97.1,4,Yes,No,Student,Occupied,70.4,203055.0,234069.0
1453,Umoja,Townhouse,Unfurnished,4,3,77.2,97864.0,5972.0,2.5,20.6,6.5,97.1,2,No,Yes,Professional,Occupied,66.5,84513.0,97864.0
1454,South C,Apartment,Semi-Furnished,3,3,90.6,168789.0,2268.0,14.0,14.1,8.2,96.7,2,No,No,Professional,Occupied,89.1,150794.0,168789.0
1455,Runda,Maisonette,Furnished,2,2,102.1,418792.0,5957.0,12.2,3.8,6.3,73.7,2,No,Yes,Expat,Occupied,77.0,380034.0,418792.0
1456,Umoja,Maisonette,Semi-Furnished,5,5,86.7,100014.0,4354.0,17.5,4.2,6.5,89.6,3,Yes,No,Professional,Occupied,60.2,95556.0,100014.0
1457,Ruaka,Townhouse,Unfurnished,5,6,85.6,252263.0,2058.0,10.4,9.8,8.6,89.7,3,Yes,No,Professional,Vacant,70.0,236658.0,252263.0
1458,Karen,Apartment,Semi-Furnished,1,2,74.5,253579.0,6163.0,11.0,16.4,6.1,92.9,1,No,No,Student,Occupied,84.4,229780.0,253579.0
1459,Roysambu,Maisonette,Semi-Furnished,3,3,101.9,133303.0,4188.0,9.8,15.6,7.7,86.6,2,No,Yes,Family,Occupied,66.5,114940.0,133303.0
1460,Umoja,Apartment,Furnished,5,6,86.8,110070.0,1934.0,3.9,18.8,5.0,91.1,3,Yes,Yes,Professional,Vacant,65.5,95674.0,110070.0
1461,Kilimani,Bedsitter,Unfurnished,4,5,81.6,257782.0,2040.0,13.9,3.1,5.8,84.3,2,Yes,Yes,Student,Occupied,73.5,233415.0,257782.0
1462,Kasarani,Bedsitter,Semi-Furnished,3,3,79.8,98734.0,5630.0,22.2,13.3,6.7,98.4,2,No,Yes,Expat,Vacant,79.7,86017.0,98734.0
1463,Ruaka,Maisonette,Unfurnished,2,1,100.4,222763.0,8186.0,9.9,20.6,8.5,94.2,1,No,No,Expat,Occupied,67.7,194577.0,222763.0
1464,Kileleshwa,Apartment,Unfurnished,2,3,81.1,201103.0,4904.0,16.0,20.0,5.9,88.4,1,Yes,No,Family,Vacant,78.9,180062.0,201103.0
1465,Kileleshwa,Maisonette,Unfurnished,1,2,100.4,200732.0,7499.0,18.4,14.2,5.9,93.9,1,No,Yes,Family,Occupied,75.3,188826.0,200732.0
1466,Karen,Apartment,Semi-Furnished,3,2,77.9,374630.0,9536.0,3.6,26.1,7.3,98.3,2,Yes,Yes,Family,Occupied,76.6,346174.0,374630.0
1467,Karen,Maisonette,Semi-Furnished,5,4,95.8,487426.0,3437.0,7.6,15.7,7.5,86.8,4,Yes,No,Student,Occupied,51.0,462186.0,487426.0
1468,Embakasi,Townhouse,Semi-Furnished,4,3,88.1,125292.0,4515.0,8.2,18.3,5.8,76.8,3,No,No,Professional,Occupied,75.2,121516.0,125292.0
1469,Kasarani,Apartment,Furnished,6,6,70.7,136341.0,6429.0,7.8,12.3,6.4,96.2,4,No,Yes,Student,Vacant,72.5,130835.0,136341.0
1470,Kasarani,Townhouse,Furnished,6,5,83.7,129204.0,1802.0,8.3,7.3,8.3,95.7,4,Yes,Yes,Expat,Occupied,78.9,112946.0,129204.0
1471,Runda,Apartment,Unfurnished,3,3,52.1,336082.0,8300.0,10.9,6.7,5.6,92.1,2,Yes,No,Expat,Occupied,68.5,324710.0,336082.0
1472,Karen,Apartment,Semi-Furnished,2,1,73.8,305571.0,10450.0,15.4,13.1,7.4,79.3,2,Yes,Yes,Professional,Vacant,71.3,280346.0,305571.0
1473,Kasarani,Apartment,Semi-Furnished,6,5,61.3,119660.0,2400.0,5.5,10.7,6.4,95.9,4,No,No,Family,Occupied,80.3,101591.0,119660.0
1474,Donholm,Apartment,Unfurnished,4,4,115.0,153344.0,29996.0,9.0,1.4,8.7,95.5,3,Yes,No,Expat,Occupied,89.5,133426.0,153344.0
1475,Embakasi,Bedsitter,Unfurnished,3,3,61.5,100613.0,7018.0,9.7,5.8,7.7,95.2,2,Yes,Yes,Family,Occupied,61.8,88057.0,100613.0
1476,South C,Apartment,Furnished,3,2,123.8,201934.0,3616.0,8.1,10.1,8.1,85.5,2,Yes,Yes,Student,Occupied,80.1,188511.0,201934.0
1477,Lavington,Apartment,Unfurnished,3,2,92.7,302255.0,940.0,11.8,16.4,6.4,84.2,2,No,No,Family,Occupied,87.2,268371.0,302255.0
1478,Lavington,Townhouse,Furnished,4,3,77.2,288576.0,3774.0,19.0,11.9,8.0,99.0,3,No,Yes,Student,Occupied,81.9,261200.0,288576.0
1479,South C,Maisonette,Unfurnished,2,3,97.1,150275.0,5407.0,11.3,11.6,8.0,94.1,2,Yes,Yes,Professional,Occupied,86.5,133747.0,150275.0
1480,South B,Maisonette,Unfurnished,6,5,75.3,188625.0,4991.0,13.2,6.1,7.6,67.8,3,No,Yes,Family,Occupied,69.6,172202.0,188625.0
1481,Ruaka,Maisonette,Unfurnished,3,3,63.9,173279.0,1608.0,3.3,12.1,6.7,92.3,2,Yes,Yes,Professional,Occupied,87.4,156157.0,173279.0
1482,Embakasi,Maisonette,Unfurnished,3,4,86.2,110825.0,2533.0,7.6,19.9,7.2,96.6,2,No,No,Family,Occupied,67.8,94058.0,110825.0
1483,Donholm,Apartment,Furnished,3,3,95.5,120776.0,6478.0,8.2,12.9,4.8,77.1,3,Yes,No,Expat,Occupied,75.6,111893.0,120776.0
1484,Kasarani,Apartment,Semi-Furnished,3,4,104.2,152955.0,6093.0,4.3,3.0,9.1,94.9,2,Yes,No,Professional,Occupied,70.0,143962.0,152955.0
1485,Roysambu,Maisonette,Unfurnished,6,6,92.5,170193.0,7782.0,2.5,4.5,6.3,98.6,4,Yes,Yes,Family,Occupied,70.4,155105.0,170193.0
1486,Embakasi,Apartment,Semi-Furnished,1,1,77.1,83922.0,4373.0,5.6,15.5,6.6,85.9,0,No,Yes,Professional,Occupied,57.8,75698.0,83922.0
1487,Umoja,Bedsitter,Unfurnished,2,3,105.8,97209.0,3936.0,7.2,10.7,5.4,97.8,2,No,Yes,Family,Occupied,55.3,93216.0,97209.0
1488,South C,Apartment,Semi-Furnished,6,6,102.4,226504.0,5756.0,7.0,11.6,7.8,90.4,3,No,No,Student,Occupied,86.8,196807.0,226504.0
1489,Donholm,Apartment,Semi-Furnished,5,4,89.0,118317.0,4299.0,15.5,8.3,7.6,91.2,3,Yes,Yes,Professional,Vacant,57.0,108219.0,118317.0
1490,Kilimani,Apartment,Semi-Furnished,1,2,103.2,226178.0,1379.0,5.4,15.0,6.6,94.4,0,Yes,Yes,Expat,Occupied,77.5,207127.0,226178.0
1491,Langata,Bedsitter,Semi-Furnished,6,6,117.8,243498.0,11665.0,18.1,10.2,4.2,99.6,4,No,No,Professional,Occupied,62.0,215709.0,243498.0
1492,Westlands,Bedsitter,Unfurnished,3,4,76.8,271652.0,7671.0,1.2,10.9,6.1,86.9,2,No,Yes,Student,Occupied,66.5,237047.0,271652.0
1493,Ruaka,Bedsitter,Unfurnished,4,4,71.5,211363.0,5411.0,17.8,6.9,7.6,87.3,2,No,Yes,Student,Occupied,81.8,179442.0,211363.0
1494,South C,Apartment,Unfurnished,1,1,76.4,144323.0,1544.0,15.8,17.5,7.3,97.2,1,No,Yes,Expat,Occupied,76.6,136666.0,144323.0
1495,Roysambu,Apartment,Unfurnished,2,1,64.8,95096.0,7233.0,0.9,10.7,6.9,76.8,2,Yes,No,Student,Occupied,73.7,87902.0,95096.0
1496,Kasarani,Maisonette,Unfurnished,1,2,93.9,87388.0,2960.0,12.8,15.6,6.5,92.3,1,No,No,Expat,Occupied,86.4,82813.0,87388.0
1497,Roysambu,Bedsitter,Unfurnished,1,2,60.9,75048.0,7195.0,10.1,4.8,5.1,93.0,1,Yes,No,Family,Occupied,72.1,64578.0,75048.0
1498,Roysambu,Apartment,Furnished,3,3,104.0,139716.0,5899.0,5.3,22.4,8.2,94.3,2,No,Yes,Student,Occupied,87.3,125613.0,139716.0
1499,Karen,Maisonette,Unfurnished,3,3,74.9,310082.0,3172.0,23.0,19.7,5.3,95.1,2,Yes,Yes,Family,Occupied,64.3,267804.0,310082.0
1500,Karen,Apartment,Semi-Furnished,4,5,105.4,436956.0,8403.0,6.3,0.5,6.8,85.5,2,Yes,No,Family,Occupied,63.1,370998.0,436956.0
1501,Runda,Apartment,Furnished,4,4,46.6,347600.0,1747.0,14.0,7.2,5.8,94.2,1,Yes,No,Student,Vacant,73.6,312441.0,347600.0
1502,South C,Apartment,Unfurnished,4,4,79.2,168063.0,4185.0,7.6,14.9,8.2,87.2,3,No,Yes,Expat,Occupied,75.0,160408.0,168063.0
1503,Runda,Maisonette,Semi-Furnished,4,4,65.6,392733.0,12850.0,15.6,4.1,7.7,92.2,3,No,Yes,Expat,Occupied,66.4,362236.0,392733.0
1504,South C,Bedsitter,Furnished,3,4,105.3,174921.0,5657.0,6.7,11.2,6.6,86.9,2,No,No,Expat,Occupied,72.2,168936.0,174921.0
1505,Ruaka,Apartment,Furnished,1,1,110.2,190097.0,7627.0,6.5,14.6,7.8,84.8,1,No,Yes,Student,Occupied,88.6,164246.0,190097.0
1506,Embakasi,Maisonette,Furnished,5,4,49.8,120809.0,4254.0,12.8,10.9,5.2,91.5,3,No,Yes,Family,Occupied,71.1,116986.0,120809.0
1507,Westlands,Apartment,Unfurnished,6,6,98.0,379310.0,3964.0,6.9,15.2,6.9,92.4,3,Yes,Yes,Professional,Occupied,55.6,339024.0,379310.0
1508,Roysambu,Apartment,Furnished,1,2,101.0,104157.0,1712.0,6.7,7.8,5.7,90.8,1,No,No,Professional,Occupied,57.6,99584.0,104157.0
1509,Ruaka,Apartment,Semi-Furnished,3,3,89.9,209128.0,3608.0,9.2,0.0,8.2,91.0,2,No,No,Student,Occupied,95.9,202814.0,209128.0
1510,Embakasi,Apartment,Semi-Furnished,4,3,93.8,165840.0,6449.0,10.5,17.9,7.4,89.3,3,No,Yes,Professional,Occupied,89.5,155220.0,165840.0
1511,Langata,Apartment,Semi-Furnished,4,4,92.7,200459.0,1871.0,10.6,17.9,7.8,98.2,3,Yes,No,Family,Occupied,70.6,180143.0,200459.0
1512,Lavington,Bedsitter,Unfurnished,3,2,98.0,304647.0,2051.0,13.7,27.0,6.3,93.3,2,Yes,Yes,Professional,Occupied,83.1,292574.0,304647.0
1513,Kileleshwa,Maisonette,Furnished,4,5,68.6,240937.0,5396.0,10.9,0.0,7.9,95.0,3,Yes,Yes,Expat,Vacant,77.6,214694.0,240937.0
1514,Umoja,Apartment,Unfurnished,4,4,103.0,154189.0,7177.0,10.5,16.5,5.7,93.0,2,No,Yes,Family,Occupied,87.7,136354.0,154189.0
1515,Donholm,Apartment,Unfurnished,4,5,88.1,129952.0,16491.0,3.0,0.2,5.8,85.9,2,No,Yes,Student,Occupied,64.3,110555.0,129952.0
1516,South C,Apartment,Unfurnished,3,3,87.2,151692.0,3321.0,16.3,22.5,6.8,77.7,2,Yes,No,Student,Vacant,64.6,130215.0,151692.0
1517,Langata,Apartment,Unfurnished,3,3,93.5,212798.0,3385.0,8.2,14.9,5.9,97.0,2,No,Yes,Expat,Occupied,88.2,190847.0,212798.0
1518,Lavington,Apartment,Unfurnished,5,5,65.9,339155.0,7202.0,2.5,6.3,7.9,98.0,2,Yes,Yes,Professional,Occupied,60.1,295173.0,339155.0
1519,Kasarani,Maisonette,Furnished,3,3,61.7,91036.0,5999.0,17.0,16.7,6.4,93.6,2,Yes,No,Student,Occupied,75.7,83939.0,91036.0
1520,South B,Apartment,Semi-Furnished,3,3,83.2,159699.0,3358.0,6.0,8.7,5.7,93.1,2,No,Yes,Student,Occupied,74.6,142862.0,159699.0
1521,Westlands,Maisonette,Semi-Furnished,6,6,108.2,421174.0,3945.0,3.9,13.8,5.5,97.9,4,Yes,Yes,Family,Vacant,82.8,386220.0,421174.0
1522,Donholm,Maisonette,Unfurnished,3,4,67.2,88840.0,2592.0,13.2,13.2,7.8,91.5,2,Yes,Yes,Family,Occupied,76.4,82217.0,88840.0
1523,Runda,Apartment,Furnished,5,4,87.6,490010.0,1791.0,8.4,22.5,3.9,90.1,4,No,No,Family,Occupied,73.7,430155.0,490010.0
1524,Runda,Maisonette,Furnished,3,3,74.2,378329.0,3661.0,12.1,22.9,5.8,96.9,2,No,Yes,Family,Occupied,71.2,352097.0,378329.0
1525,Embakasi,Bedsitter,Semi-Furnished,4,3,72.2,115369.0,11683.0,6.5,8.4,8.7,94.0,2,No,Yes,Student,Occupied,65.1,106127.0,115369.0
1526,Donholm,Bedsitter,Furnished,1,2,92.5,104149.0,2433.0,2.3,18.3,6.6,88.5,1,Yes,No,Family,Occupied,73.3,95983.0,104149.0
1527,Karen,Apartment,Furnished,2,1,96.4,355891.0,1474.0,5.3,14.1,7.9,95.7,1,Yes,No,Expat,Vacant,86.7,306655.0,355891.0
1528,Lavington,Apartment,Unfurnished,3,4,73.2,255384.0,1993.0,18.6,3.5,7.5,97.1,2,Yes,No,Expat,Occupied,72.1,241941.0,255384.0
1529,South B,Apartment,Semi-Furnished,4,4,105.8,182178.0,5838.0,3.4,7.8,6.8,97.3,2,No,Yes,Family,Occupied,89.1,167563.0,182178.0
1530,Langata,Apartment,Unfurnished,3,2,91.3,170865.0,5432.0,16.2,26.0,5.0,93.6,1,Yes,No,Family,Occupied,82.3,146894.0,170865.0
1531,Westlands,Apartment,Unfurnished,5,4,81.4,320750.0,9794.0,12.0,14.1,5.4,97.6,3,Yes,No,Professional,Occupied,79.8,310716.0,320750.0
1532,Ruaka,Bedsitter,Semi-Furnished,6,5,90.2,273354.0,8460.0,9.9,18.0,5.4,85.5,4,Yes,No,Family,Occupied,73.4,233201.0,273354.0
1533,Lavington,Apartment,Furnished,4,3,115.5,383908.0,4956.0,13.2,10.7,,89.2,3,No,No,Student,Occupied,68.7,329581.0,383908.0
1534,South B,Townhouse,Semi-Furnished,2,2,96.3,134117.0,6345.0,18.1,8.8,7.8,85.1,1,Yes,Yes,Expat,Occupied,91.8,122741.0,134117.0
1535,Kileleshwa,Maisonette,Semi-Furnished,2,3,74.5,198083.0,2381.0,17.8,12.2,5.9,79.3,0,Yes,No,Expat,Vacant,82.9,175613.0,198083.0
1536,South C,Apartment,Unfurnished,3,4,84.7,187007.0,6519.0,7.2,10.4,6.9,95.9,3,No,No,Student,Vacant,73.6,158661.0,187007.0
1537,Ruaka,Apartment,Semi-Furnished,1,1,87.0,162261.0,3729.0,6.6,3.0,7.0,93.6,0,Yes,Yes,Family,Occupied,92.0,145755.0,162261.0
1538,Runda,Maisonette,Furnished,4,5,95.0,473062.0,7299.0,13.8,6.0,7.1,88.6,2,Yes,Yes,Professional,Occupied,81.3,452893.0,473062.0
1539,Ruaka,Maisonette,Unfurnished,2,1,88.6,180417.0,5394.0,5.8,16.2,6.1,89.4,1,Yes,Yes,Expat,Occupied,60.8,155794.0,180417.0
1540,Langata,Maisonette,Unfurnished,3,3,113.4,219021.0,2889.0,3.5,9.7,9.0,91.4,2,No,No,Professional,Occupied,70.7,208567.0,219021.0
1541,Runda,Apartment,Unfurnished,3,4,81.6,425206.0,1863.0,5.3,12.2,7.8,87.0,2,Yes,No,Expat,Occupied,82.3,397913.0,425206.0
1542,Langata,Apartment,Unfurnished,1,1,59.1,137747.0,2835.0,2.5,13.4,7.1,91.7,1,Yes,Yes,Professional,Occupied,90.1,118642.0,137747.0
1543,Embakasi,Apartment,Unfurnished,4,4,88.2,129303.0,4579.0,7.0,13.9,6.4,82.0,3,Yes,No,Expat,Occupied,98.6,121025.0,129303.0
1544,Karen,Apartment,Semi-Furnished,2,3,78.4,321061.0,2273.0,13.4,18.9,6.0,92.3,1,No,No,Professional,Occupied,75.3,281197.0,321061.0
1545,Langata,Maisonette,Unfurnished,5,6,62.4,196135.0,3616.0,8.7,5.4,7.5,88.8,3,Yes,No,Family,Occupied,81.2,178767.0,196135.0
1546,Runda,Maisonette,Furnished,4,4,74.4,459074.0,8616.0,5.6,15.4,6.4,96.6,2,No,Yes,Family,Occupied,68.9,401302.0,459074.0
1547,Embakasi,Bedsitter,Unfurnished,5,5,79.6,131708.0,9158.0,7.3,16.5,7.2,87.3,3,No,Yes,Student,Occupied,66.1,123686.0,131708.0
1548,Langata,Maisonette,Unfurnished,2,3,102.1,202004.0,5624.0,11.2,17.9,4.7,97.9,1,Yes,No,Student,Occupied,58.1,184827.0,202004.0
1549,Kileleshwa,Bedsitter,Furnished,3,3,62.8,206589.0,10449.0,9.1,3.5,6.4,94.3,1,Yes,Yes,Professional,Occupied,78.9,191690.0,206589.0
1550,Ruaka,Apartment,Unfurnished,2,3,90.2,183417.0,1659.0,5.7,13.5,6.9,94.4,1,No,Yes,Professional,Occupied,87.6,171843.0,183417.0
1551,Karen,Apartment,Unfurnished,1,1,118.3,349941.0,9979.0,14.4,22.3,,86.1,1,No,Yes,Expat,Occupied,82.8,324873.0,349941.0
1552,Langata,Townhouse,Semi-Furnished,5,5,82.4,198526.0,1553.0,10.2,11.4,5.9,95.7,3,No,No,Student,Occupied,75.9,184085.0,198526.0
1553,Embakasi,Apartment,Unfurnished,5,5,81.9,182207.0,4052.0,8.8,14.9,5.2,89.8,3,No,Yes,Student,Occupied,87.2,155294.0,182207.0
1554,Kasarani,Townhouse,Furnished,1,2,95.8,93267.0,2278.0,23.5,16.7,7.5,93.8,1,Yes,Yes,Expat,Vacant,100.0,84026.0,93267.0
1555,Lavington,Maisonette,Unfurnished,2,1,92.8,280141.0,6749.0,9.9,5.8,6.9,89.1,2,No,Yes,Professional,Occupied,66.7,254834.0,280141.0
1556,Kilimani,Apartment,Semi-Furnished,5,6,106.3,311852.0,1345.0,3.9,23.0,4.9,91.3,3,Yes,Yes,Student,Occupied,50.8,282092.0,311852.0
1557,South B,Bedsitter,Unfurnished,3,3,82.5,175792.0,1170.0,1.5,15.0,5.0,96.4,3,No,No,Professional,Occupied,78.4,149050.0,175792.0
1558,Kilimani,Maisonette,Unfurnished,4,3,95.5,282689.0,2545.0,1.3,15.1,6.2,99.4,2,No,Yes,Family,Occupied,85.8,250602.0,282689.0
1559,Kasarani,Bedsitter,Unfurnished,5,4,95.8,130308.0,2422.0,9.5,2.0,6.9,95.7,2,Yes,No,Professional,Occupied,59.5,114756.0,130308.0
1560,Kilimani,Townhouse,Unfurnished,3,3,80.0,233782.0,2698.0,11.5,16.8,8.7,95.6,2,Yes,Yes,Family,Vacant,83.3,217059.0,233782.0
1561,Kasarani,Townhouse,Semi-Furnished,6,6,83.3,129474.0,2509.0,20.4,15.0,,85.2,3,Yes,Yes,Family,Occupied,71.6,117626.0,129474.0
1562,Westlands,Apartment,Unfurnished,4,3,84.8,327123.0,6510.0,19.1,21.7,7.6,94.9,2,No,No,Expat,Occupied,78.4,309304.0,327123.0
1563,Kasarani,Apartment,Furnished,3,2,66.4,85815.0,3792.0,8.2,10.1,4.6,93.3,2,No,No,Expat,Occupied,65.8,75756.0,85815.0
1564,Kasarani,Townhouse,Unfurnished,5,6,79.2,117180.0,11901.0,7.5,6.1,7.4,93.1,3,No,Yes,Family,Occupied,65.2,108332.0,117180.0
1565,Roysambu,Bedsitter,Semi-Furnished,2,3,107.4,126421.0,4730.0,5.9,7.9,8.8,90.2,2,No,Yes,Expat,Occupied,64.0,110677.0,126421.0
1566,Kasarani,Apartment,Furnished,4,3,100.6,154281.0,7462.0,16.6,9.0,7.2,92.8,3,Yes,Yes,Student,Occupied,81.7,145277.0,154281.0
1567,Kileleshwa,Apartment,Unfurnished,2,3,76.3,202722.0,6038.0,8.5,5.3,6.2,83.6,1,Yes,Yes,Student,Occupied,68.8,185894.0,202722.0
1568,Lavington,Bedsitter,Semi-Furnished,3,2,84.8,295380.0,2146.0,5.2,19.7,8.5,89.8,1,Yes,No,Professional,Vacant,77.7,268362.0,295380.0
1569,South C,Townhouse,Semi-Furnished,2,2,99.6,164363.0,2795.0,8.5,20.0,7.4,97.4,1,Yes,Yes,Family,Occupied,75.3,155797.0,164363.0
1570,Langata,Maisonette,Semi-Furnished,3,4,91.7,183142.0,8070.0,7.9,10.8,7.2,96.3,3,No,No,Professional,Occupied,63.2,176024.0,183142.0
1571,South B,Bedsitter,Furnished,3,2,97.0,153825.0,,7.1,9.6,5.8,92.3,3,No,No,Family,Occupied,75.8,142754.0,153825.0
1572,Karen,Apartment,Furnished,5,6,93.0,453153.0,5657.0,5.7,1.1,7.4,92.1,4,No,Yes,Family,Occupied,77.4,407609.0,453153.0
1573,Lavington,Apartment,Furnished,3,4,88.2,269341.0,3552.0,18.3,16.2,6.2,97.8,2,No,No,Professional,Occupied,85.6,238799.0,269341.0
1574,Runda,Maisonette,Semi-Furnished,3,2,82.5,415692.0,2389.0,8.0,21.9,7.4,93.3,1,Yes,No,Professional,Occupied,89.9,380048.0,415692.0
1575,South C,Apartment,Furnished,2,2,67.1,125724.0,3340.0,6.0,8.2,7.1,82.1,2,Yes,No,Professional,Occupied,64.8,113773.0,125724.0
1576,Westlands,Apartment,Unfurnished,3,2,95.4,388998.0,12510.0,4.9,11.3,8.3,96.1,2,Yes,No,Professional,Occupied,78.5,349982.0,388998.0
1577,Westlands,Apartment,Semi-Furnished,3,4,81.7,275038.0,1204.0,11.8,14.6,6.3,98.2,2,No,No,Student,Occupied,52.8,248501.0,275038.0
1578,Umoja,Bedsitter,Unfurnished,3,2,60.3,82873.0,1715.0,14.0,22.3,6.8,86.0,2,No,No,Family,Occupied,83.5,79414.0,82873.0
1579,Ruaka,Townhouse,Unfurnished,3,4,76.8,200442.0,1036.0,6.9,13.2,8.0,96.5,3,Yes,No,Expat,Vacant,86.0,183766.0,200442.0
1580,Kasarani,Apartment,Semi-Furnished,2,1,97.8,100137.0,2961.0,6.0,13.2,6.7,90.1,1,No,No,Family,Occupied,48.3,94411.0,100137.0
1581,Lavington,Apartment,Unfurnished,6,6,56.3,315957.0,2599.0,16.9,13.1,7.0,88.9,4,No,Yes,Student,Occupied,71.6,284631.0,315957.0
1582,Embakasi,Bedsitter,Unfurnished,1,1,69.6,94510.0,4503.0,4.5,3.4,6.5,84.9,0,Yes,Yes,Family,Occupied,66.0,82635.0,94510.0
1583,Roysambu,Townhouse,Unfurnished,2,2,87.1,101088.0,2877.0,7.7,3.3,6.8,86.4,2,No,No,Student,Occupied,71.6,90506.0,101088.0
1584,Kilimani,Apartment,Unfurnished,2,2,106.1,262232.0,5517.0,9.0,7.2,7.8,95.2,2,No,Yes,Family,Occupied,69.6,246627.0,262232.0
1585,Runda,Apartment,Furnished,4,3,100.0,563004.0,2318.0,10.9,18.1,9.2,89.7,2,Yes,Yes,Student,Vacant,74.6,530554.0,563004.0
1586,Westlands,Apartment,Unfurnished,5,5,107.5,354942.0,17469.0,8.7,10.0,5.0,74.9,3,No,Yes,Expat,Occupied,84.9,342757.0,354942.0
1587,South B,Maisonette,Unfurnished,4,3,88.1,179676.0,6189.0,0.4,8.8,,92.7,3,Yes,No,Expat,Occupied,71.9,164244.0,179676.0
1588,Westlands,Apartment,Unfurnished,5,6,81.9,318099.0,5773.0,12.1,8.7,,90.5,2,No,No,Expat,Occupied,65.1,290520.0,318099.0
1589,Karen,Apartment,Semi-Furnished,4,5,-10.0,448358.0,6239.0,0.4,11.2,7.1,97.5,1,No,Yes,Expat,Vacant,73.0,420809.0,448358.0
1590,Langata,Bedsitter,Unfurnished,2,3,71.5,151565.0,1935.0,5.7,22.2,6.7,88.1,1,No,Yes,Student,Occupied,72.5,132413.0,151565.0
1591,Westlands,Maisonette,Unfurnished,1,1,70.3,232104.0,3386.0,18.3,11.1,6.3,95.7,1,Yes,No,Family,Occupied,74.1,213337.0,232104.0
1592,Karen,Apartment,Semi-Furnished,4,4,67.7,399450.0,3490.0,4.8,7.3,5.5,94.1,3,Yes,No,Expat,Occupied,68.7,353368.0,399450.0
1593,Lavington,Maisonette,Furnished,4,4,101.3,340287.0,2892.0,5.5,12.2,6.3,94.1,4,Yes,No,Expat,Occupied,78.6,302206.0,340287.0
1594,Lavington,Apartment,Furnished,6,6,72.5,367605.0,3156.0,11.3,22.5,8.0,96.4,4,Yes,Yes,Family,Occupied,87.9,328010.0,367605.0
1595,Roysambu,Bedsitter,Unfurnished,3,4,100.0,136257.0,7190.0,12.1,9.0,7.1,92.2,1,No,No,Family,Occupied,62.3,116837.0,136257.0
1596,Ruaka,Apartment,Unfurnished,3,4,87.2,230445.0,3862.0,2.3,4.9,7.8,99.1,3,Yes,No,Professional,Occupied,79.5,223217.0,230445.0
1597,Umoja,Maisonette,Unfurnished,4,5,101.5,113563.0,4963.0,13.4,9.0,5.6,97.7,3,Yes,Yes,Family,Occupied,84.6,109174.0,113563.0
1598,South C,Apartment,Semi-Furnished,4,3,68.4,173875.0,1234.0,11.3,12.8,8.7,95.6,2,No,No,Family,Occupied,70.7,152747.0,173875.0
1599,Westlands,Maisonette,Unfurnished,4,3,75.6,288184.0,1183.0,4.4,16.1,6.3,65.5,3,No,Yes,Family,Occupied,87.5,266091.0,288184.0
1600,South B,Maisonette,Semi-Furnished,5,5,91.8,191559.0,2078.0,11.0,18.0,7.6,98.6,2,Yes,No,Professional,Occupied,74.4,162617.0,191559.0
1601,Westlands,Bedsitter,Semi-Furnished,5,5,78.5,325226.0,12678.0,6.2,5.7,6.8,86.5,3,No,No,Family,Occupied,63.7,306106.0,325226.0
1602,Umoja,Maisonette,Unfurnished,2,3,47.6,74465.0,16416.0,14.1,6.3,6.4,87.8,2,No,Yes,Student,Vacant,62.3,70415.0,74465.0
1603,Donholm,Maisonette,Unfurnished,3,2,64.4,89710.0,8007.0,17.9,10.1,7.5,94.7,2,Yes,No,Expat,Occupied,82.8,80224.0,89710.0
1604,South B,Apartment,Unfurnished,2,1,68.3,126783.0,3053.0,14.4,16.1,7.7,91.5,2,No,Yes,Student,Occupied,81.9,118277.0,126783.0
1605,Kileleshwa,Apartment,Unfurnished,3,3,69.4,227346.0,5424.0,19.8,4.4,10.0,88.1,3,No,No,Professional,Occupied,90.6,210296.0,227346.0
1606,Kasarani,Townhouse,Semi-Furnished,5,4,95.2,140225.0,9735.0,9.6,8.4,7.8,94.4,3,No,Yes,Professional,Occupied,81.7,120040.0,140225.0
1607,South C,Apartment,Semi-Furnished,2,2,90.1,152052.0,14737.0,3.9,8.4,7.7,82.8,1,Yes,Yes,Professional,Occupied,74.0,147061.0,152052.0
1608,Kileleshwa,Maisonette,Unfurnished,3,4,87.4,331905.0,1799.0,8.4,17.7,8.4,77.7,2,Yes,Yes,Professional,Occupied,79.8,299098.0,331905.0
1609,Donholm,Townhouse,Unfurnished,3,4,115.1,127083.0,4642.0,7.8,15.2,7.6,91.6,2,No,Yes,Professional,Occupied,75.7,117644.0,127083.0
1610,Donholm,Apartment,Furnished,2,2,102.6,115048.0,3211.0,8.6,17.4,7.0,96.3,2,No,No,Expat,Occupied,71.7,106339.0,115048.0
1611,Umoja,Bedsitter,Semi-Furnished,2,3,97.0,93591.0,6065.0,7.2,20.0,7.4,87.9,1,No,No,Family,Vacant,69.5,87700.0,93591.0
1612,Westlands,Apartment,Furnished,3,4,62.6,232816.0,4174.0,13.3,10.2,8.0,92.3,2,No,Yes,Student,Occupied,57.8,221682.0,232816.0
1613,Umoja,Bedsitter,Unfurnished,1,1,85.9,91802.0,1998.0,7.8,4.9,8.7,68.5,0,No,Yes,Student,Occupied,,88683.0,91802.0
1614,Umoja,Apartment,Semi-Furnished,3,2,89.5,97587.0,5305.0,9.4,4.9,5.2,89.2,3,No,Yes,Family,Vacant,74.8,82830.0,97587.0
1615,Donholm,Apartment,Semi-Furnished,1,1,78.8,97147.0,2471.0,3.0,1.0,4.7,87.5,1,No,No,Professional,Occupied,47.9,86043.0,97147.0
1616,South C,Bedsitter,Furnished,1,1,110.6,153474.0,3925.0,8.9,9.2,8.6,86.1,0,No,Yes,Family,Occupied,69.9,133854.0,153474.0
1617,Kileleshwa,Maisonette,Semi-Furnished,2,1,85.8,221695.0,4059.0,4.0,9.7,6.0,89.5,1,Yes,Yes,Professional,Vacant,84.2,213219.0,221695.0
1618,Kilimani,Maisonette,Unfurnished,4,4,66.6,247119.0,13107.0,3.1,16.7,5.0,93.8,2,No,No,Expat,Occupied,88.4,239404.0,247119.0
1619,Westlands,Apartment,Semi-Furnished,2,2,70.0,211831.0,5036.0,15.5,12.1,4.9,95.0,1,Yes,Yes,Student,Occupied,69.7,189128.0,211831.0
1620,Donholm,Apartment,Unfurnished,3,2,119.2,122344.0,3780.0,14.3,9.1,9.2,86.2,2,Yes,Yes,Student,Occupied,69.4,107454.0,122344.0
1621,Kileleshwa,Bedsitter,Unfurnished,3,4,78.7,232926.0,6681.0,16.6,11.3,8.1,89.7,2,No,Yes,Expat,Occupied,67.8,213844.0,232926.0
1622,Ruaka,Apartment,Unfurnished,5,6,53.8,223924.0,2167.0,13.3,5.8,6.0,90.3,3,Yes,Yes,Expat,Occupied,69.4,205781.0,223924.0
1623,Kilimani,Townhouse,Furnished,3,3,76.0,223847.0,4319.0,18.4,18.2,6.1,90.9,2,Yes,Yes,Professional,Vacant,86.4,205804.0,223847.0
1624,Kilimani,Maisonette,Unfurnished,4,4,57.6,256798.0,6274.0,4.3,7.3,7.1,91.4,3,No,No,Family,Occupied,91.3,243893.0,256798.0
1625,Lavington,Maisonette,Unfurnished,3,3,98.8,325362.0,6076.0,2.5,5.2,8.0,85.9,2,No,Yes,Professional,Occupied,58.1,284634.0,325362.0
1626,Roysambu,Townhouse,Unfurnished,3,4,55.7,101592.0,2777.0,4.3,16.9,6.6,97.2,2,No,Yes,Professional,Occupied,66.9,95636.0,101592.0
1627,Westlands,Apartment,Unfurnished,4,4,64.0,267045.0,5191.0,13.0,15.4,6.1,96.4,2,No,Yes,Student,Occupied,56.4,247571.0,267045.0
1628,Kilimani,Maisonette,Semi-Furnished,4,5,85.1,270139.0,6478.0,7.8,1.7,8.4,96.1,3,Yes,No,Professional,Occupied,74.7,238916.0,270139.0
1629,Donholm,Apartment,Furnished,2,2,101.6,107983.0,2135.0,10.1,17.1,7.0,91.9,2,Yes,No,Family,Occupied,70.1,104836.0,107983.0
1630,Lavington,Townhouse,Semi-Furnished,2,3,84.0,273813.0,2636.0,22.2,7.6,6.8,88.6,1,Yes,No,Professional,Occupied,78.6,239150.0,273813.0
1631,Kileleshwa,Apartment,Unfurnished,3,3,66.1,265244.0,3211.0,5.3,9.8,7.7,88.6,2,No,Yes,Student,Occupied,81.6,227704.0,265244.0
1632,Ruaka,Maisonette,Furnished,3,3,87.7,227038.0,20551.0,3.8,13.1,4.4,90.5,2,No,No,Family,Occupied,80.5,218780.0,227038.0
1633,Karen,Maisonette,Furnished,4,5,78.0,369108.0,2384.0,19.3,15.5,7.6,89.8,3,No,Yes,Family,Occupied,58.5,329931.0,369108.0
1634,Westlands,Apartment,Semi-Furnished,3,3,102.0,302850.0,5052.0,8.7,14.7,7.5,96.3,2,Yes,Yes,Student,Occupied,74.7,277521.0,302850.0
1635,South C,Apartment,Furnished,5,4,97.8,285826.0,3143.0,7.3,11.7,5.3,91.3,3,Yes,Yes,Student,Occupied,58.0,274366.0,285826.0
1636,Umoja,Maisonette,Furnished,3,4,76.9,80190.0,2088.0,16.6,9.5,4.7,94.7,2,No,Yes,Professional,Occupied,92.4,70819.0,80190.0
1637,South B,Apartment,Semi-Furnished,5,5,96.7,216878.0,6559.0,15.2,14.5,6.3,90.4,3,Yes,Yes,Student,Occupied,71.5,193322.0,216878.0
1638,South B,Apartment,Furnished,1,2,89.1,117196.0,1499.0,29.1,11.3,7.2,97.5,1,No,Yes,Expat,Occupied,61.3,104045.0,117196.0
1639,Kileleshwa,Apartment,Semi-Furnished,5,5,105.5,309909.0,11053.0,13.1,22.8,7.3,92.1,3,Yes,Yes,Student,Occupied,69.6,269013.0,309909.0
1640,Embakasi,Apartment,Semi-Furnished,3,2,96.1,119788.0,1944.0,5.4,15.5,9.0,71.6,2,Yes,No,Expat,Occupied,77.1,111635.0,119788.0
1641,Embakasi,Maisonette,Semi-Furnished,3,3,93.2,152502.0,2525.0,4.6,6.5,7.2,84.5,1,Yes,No,Student,Occupied,82.3,134771.0,152502.0
1642,Kileleshwa,Bedsitter,Unfurnished,5,5,104.9,314644.0,6005.0,5.5,9.1,5.3,89.6,4,No,No,Expat,Occupied,88.0,275641.0,314644.0
1643,Donholm,Apartment,Unfurnished,4,3,85.2,102177.0,6814.0,18.5,12.3,,87.2,3,Yes,Yes,Expat,Occupied,75.6,96821.0,102177.0
1644,Kilimani,Apartment,Semi-Furnished,4,5,73.4,239697.0,4738.0,13.5,19.8,5.4,92.8,3,Yes,No,Student,Occupied,71.7,204248.0,239697.0
1645,Roysambu,Apartment,Semi-Furnished,1,1,88.0,99773.0,2771.0,4.5,20.5,6.8,87.7,1,No,No,Family,Occupied,81.9,92297.0,99773.0
1646,Westlands,Apartment,Unfurnished,6,6,79.7,355098.0,1319.0,15.4,9.6,8.7,99.5,3,No,No,Family,Occupied,81.6,312296.0,355098.0
1647,South B,Apartment,Unfurnished,2,1,94.1,151221.0,3778.0,7.5,6.4,7.6,97.0,1,No,Yes,Expat,Occupied,76.2,132290.0,151221.0
1648,South B,Apartment,Unfurnished,2,3,85.9,131114.0,2219.0,8.8,5.6,6.1,93.5,1,Yes,No,Family,Occupied,83.1,118591.0,131114.0
1649,Roysambu,Apartment,Unfurnished,4,5,91.0,128588.0,21773.0,17.1,13.5,7.7,82.3,3,No,Yes,Student,Occupied,68.9,122546.0,128588.0
1650,Kilimani,Maisonette,Furnished,2,1,66.9,230594.0,4417.0,10.1,25.8,6.1,93.5,1,Yes,Yes,Expat,Occupied,74.8,215237.0,230594.0
1651,South B,Apartment,Semi-Furnished,4,3,92.6,150835.0,1632.0,20.8,15.2,3.7,93.3,3,Yes,Yes,Professional,Occupied,54.7,141611.0,150835.0
1652,Umoja,Bedsitter,Furnished,3,3,65.7,92370.0,3189.0,1.9,2.4,5.5,97.1,2,No,No,Expat,Vacant,88.9,83382.0,92370.0
1653,South C,Bedsitter,Unfurnished,2,1,99.4,147334.0,6840.0,18.4,7.6,7.6,93.6,1,Yes,Yes,Professional,Occupied,70.1,137799.0,147334.0
1654,Westlands,Bedsitter,Unfurnished,5,4,99.4,355016.0,9079.0,10.5,8.3,7.9,77.6,3,No,Yes,Professional,Occupied,89.0,319254.0,355016.0
1655,Langata,Bedsitter,Unfurnished,3,2,90.2,197945.0,3240.0,16.6,7.1,9.1,89.9,2,No,No,Expat,Occupied,68.4,184438.0,197945.0
1656,South B,Apartment,Semi-Furnished,1,2,89.7,122293.0,3703.0,1.9,9.7,7.4,96.1,0,Yes,Yes,Professional,Occupied,78.0,118714.0,122293.0
1657,Kileleshwa,Maisonette,Unfurnished,4,3,81.6,333301.0,5975.0,3.7,14.2,8.6,86.3,2,Yes,No,Family,Vacant,75.5,307335.0,333301.0
1658,South C,Bedsitter,Semi-Furnished,4,4,76.0,158184.0,2090.0,16.3,16.1,7.8,89.2,2,No,No,Professional,Occupied,69.0,141106.0,158184.0
1659,South B,Apartment,Furnished,5,5,84.8,3500000.0,5131.0,3.1,18.6,8.1,89.4,3,No,Yes,Family,Occupied,79.8,153801.0,176265.0
1660,Kasarani,Maisonette,Semi-Furnished,3,3,114.7,125585.0,4915.0,6.3,15.1,8.3,80.0,2,No,Yes,Expat,Occupied,87.8,121426.0,125585.0
1661,Ruaka,Bedsitter,Unfurnished,5,4,88.4,238373.0,5846.0,8.7,0.3,7.6,98.3,3,No,Yes,Professional,Occupied,92.9,223040.0,238373.0
1662,Umoja,Apartment,Semi-Furnished,3,4,64.8,78512.0,3916.0,13.8,5.7,8.3,86.6,2,No,No,Professional,Occupied,82.4,66658.0,78512.0
1663,South C,Apartment,Unfurnished,5,4,59.4,173359.0,1346.0,16.0,11.1,6.2,83.1,4,Yes,No,Family,Occupied,62.9,162128.0,173359.0
1664,Lavington,Apartment,Furnished,2,1,63.4,205014.0,4719.0,11.3,12.9,4.1,98.7,2,No,Yes,Family,Occupied,60.9,178805.0,205014.0
1665,Langata,Maisonette,Unfurnished,3,3,79.3,169168.0,2179.0,20.7,17.2,7.8,92.7,1,Yes,Yes,Expat,Occupied,86.4,152899.0,169168.0
1666,Ruaka,Maisonette,Unfurnished,4,3,104.0,249358.0,13469.0,12.2,12.3,7.4,96.7,3,No,Yes,Expat,Occupied,65.0,237863.0,249358.0
1667,Runda,Townhouse,Semi-Furnished,6,6,69.6,496821.0,13741.0,6.7,12.3,5.9,93.6,3,Yes,No,Professional,Occupied,81.2,441027.0,496821.0
1668,Kileleshwa,Bedsitter,Unfurnished,3,3,106.3,279153.0,1806.0,15.4,13.4,5.5,87.9,1,No,Yes,Student,Vacant,76.3,237587.0,279153.0
1669,Kileleshwa,Apartment,Unfurnished,4,5,87.7,287127.0,2212.0,6.6,10.5,7.2,86.5,3,Yes,Yes,Professional,Occupied,88.2,246879.0,287127.0
1670,Westlands,Apartment,Unfurnished,4,5,92.3,350769.0,800.0,11.6,12.5,7.9,74.9,3,No,No,Professional,Occupied,80.1,309445.0,350769.0
1671,Roysambu,Bedsitter,Unfurnished,3,4,91.8,123510.0,6733.0,7.3,18.8,7.6,92.6,2,No,Yes,Expat,Occupied,74.7,111590.0,123510.0
1672,Ruaka,Bedsitter,Unfurnished,5,4,93.9,244384.0,2694.0,1.5,11.5,5.8,82.1,3,No,Yes,Expat,Occupied,95.6,226722.0,244384.0
1673,South C,Townhouse,Semi-Furnished,2,1,78.8,160649.0,4863.0,12.8,11.8,6.0,92.6,2,No,No,Professional,Occupied,83.2,148263.0,160649.0
1674,Kilimani,Apartment,Unfurnished,6,5,50.0,271097.0,2759.0,8.5,11.8,7.8,70.4,3,No,No,Family,Vacant,80.5,250568.0,271097.0
1675,Kileleshwa,Apartment,Semi-Furnished,4,3,76.2,306419.0,1311.0,4.1,19.8,7.1,86.7,2,Yes,Yes,Expat,Occupied,68.2,262275.0,306419.0
1676,South C,Bedsitter,Semi-Furnished,2,2,71.7,128222.0,4663.0,35.1,5.4,8.3,90.3,1,No,No,Professional,Occupied,63.5,120771.0,128222.0
1677,Donholm,Bedsitter,Furnished,3,2,89.7,105696.0,9918.0,13.2,22.7,6.6,95.9,2,No,Yes,Student,Occupied,72.4,97263.0,105696.0
1678,South C,Bedsitter,Unfurnished,3,3,88.3,158829.0,3946.0,12.6,4.9,7.9,83.0,3,Yes,No,Professional,Occupied,60.0,145077.0,158829.0
1679,Donholm,Maisonette,Unfurnished,1,2,80.9,86605.0,1961.0,2.0,8.1,7.0,87.7,1,No,No,Student,Vacant,71.8,79357.0,86605.0
1680,Kasarani,Apartment,Semi-Furnished,5,5,111.3,154654.0,3627.0,6.9,16.5,6.1,91.1,3,No,No,Student,Occupied,83.0,150058.0,154654.0
1681,Karen,Maisonette,Unfurnished,3,2,75.4,337689.0,5764.0,7.9,18.2,8.1,79.9,2,No,No,Student,Occupied,84.8,315407.0,337689.0
1682,Karen,Bedsitter,Unfurnished,4,4,51.6,315973.0,3494.0,9.6,3.6,5.8,74.3,3,Yes,No,Professional,Occupied,71.6,286004.0,315973.0
1683,Runda,Maisonette,Furnished,1,1,86.8,339116.0,1865.0,4.2,5.4,7.1,80.9,0,No,Yes,Expat,Occupied,100.0,296411.0,339116.0
1684,Lavington,Maisonette,Semi-Furnished,3,2,102.8,317022.0,16545.0,6.9,13.7,7.2,81.2,3,Yes,Yes,Family,Occupied,87.7,284218.0,317022.0
1685,Runda,Apartment,Unfurnished,2,2,89.3,384380.0,1396.0,7.2,26.1,6.9,90.3,1,No,Yes,Family,Occupied,74.7,353379.0,384380.0
1686,Donholm,Apartment,Semi-Furnished,4,4,79.7,112083.0,19776.0,7.3,19.5,8.2,81.4,3,No,No,Professional,Occupied,86.4,99208.0,112083.0
1687,Ruaka,Townhouse,Unfurnished,2,3,88.6,191347.0,,6.7,10.5,7.7,77.8,2,No,Yes,Professional,Occupied,69.2,169351.0,191347.0
1688,South B,Apartment,Furnished,6,6,112.6,220293.0,7541.0,21.8,0.0,7.5,85.1,3,No,Yes,Student,Occupied,77.5,206424.0,220293.0
1689,Kilimani,Townhouse,Semi-Furnished,3,4,71.9,248433.0,4678.0,13.2,12.5,7.1,86.6,3,Yes,No,Expat,Occupied,71.4,237606.0,248433.0
1690,South B,Apartment,Unfurnished,1,2,85.5,166113.0,2177.0,4.0,14.2,9.2,94.4,2,No,Yes,Professional,Vacant,62.9,144386.0,166113.0
1691,Embakasi,Bedsitter,Unfurnished,4,5,95.0,157328.0,10201.0,10.3,9.7,8.8,91.1,3,Yes,No,Family,Occupied,80.3,141805.0,157328.0
1692,South B,Maisonette,Unfurnished,6,6,88.8,200580.0,6193.0,4.0,6.9,8.1,89.5,4,Yes,Yes,Professional,Occupied,74.9,189857.0,200580.0
1693,Westlands,Townhouse,Unfurnished,3,4,81.3,278276.0,3763.0,9.6,13.0,7.9,96.7,2,Yes,Yes,Expat,Occupied,75.7,260239.0,278276.0
1694,South B,Apartment,Unfurnished,3,3,78.6,142340.0,6697.0,6.5,6.3,6.3,96.3,2,Yes,Yes,Expat,Occupied,74.7,124318.0,142340.0
1695,Runda,Maisonette,Unfurnished,2,3,80.7,366060.0,3655.0,10.0,23.2,6.9,86.7,2,No,Yes,Professional,Occupied,66.0,324524.0,366060.0
1696,Kileleshwa,Apartment,Furnished,2,1,93.0,233388.0,862.0,8.2,21.1,7.8,82.7,0,No,Yes,Professional,Vacant,90.9,199174.0,233388.0
1697,Umoja,Apartment,Unfurnished,5,6,92.1,110799.0,1215.0,2.1,15.9,8.3,76.1,3,No,Yes,Expat,Occupied,77.5,100750.0,110799.0
1698,Kileleshwa,Bedsitter,Furnished,4,3,116.4,343963.0,3962.0,9.9,12.5,8.1,95.4,2,Yes,Yes,Expat,Vacant,72.3,331426.0,343963.0
1699,Karen,Bedsitter,Unfurnished,3,3,61.9,358856.0,3222.0,6.3,8.0,7.7,70.8,2,No,No,Student,Occupied,61.9,316155.0,358856.0
1700,Umoja,Townhouse,Semi-Furnished,4,5,111.4,111247.0,3779.0,10.9,11.9,9.4,90.8,2,No,Yes,Professional,Occupied,89.0,104141.0,111247.0
1701,Roysambu,Apartment,Unfurnished,3,3,81.9,120341.0,3171.0,12.4,21.8,6.8,94.2,1,No,No,Professional,Occupied,84.2,111573.0,120341.0
1702,Kilimani,Apartment,Semi-Furnished,6,6,83.6,318432.0,1835.0,4.0,17.2,8.2,98.3,4,No,No,Professional,Occupied,75.0,300550.0,318432.0
1703,Kilimani,Apartment,Unfurnished,3,3,97.9,266152.0,1529.0,8.0,13.2,8.1,83.0,2,No,Yes,Family,Occupied,62.2,247275.0,266152.0
1704,Westlands,Apartment,Unfurnished,5,6,97.8,362352.0,,1.7,17.5,7.5,89.9,3,No,Yes,Student,Occupied,91.6,313882.0,362352.0
1705,Ruaka,Apartment,Semi-Furnished,4,5,102.3,230313.0,6823.0,11.9,15.3,7.6,70.7,2,Yes,Yes,Expat,Occupied,71.4,206280.0,230313.0
1706,Runda,Maisonette,Unfurnished,4,3,105.6,511749.0,2271.0,10.8,14.4,7.6,94.4,2,Yes,No,Student,Occupied,68.3,489070.0,511749.0
1707,Karen,Apartment,Semi-Furnished,1,1,84.4,284792.0,8346.0,2.4,17.9,6.2,79.7,1,No,No,Family,Occupied,74.5,254735.0,284792.0
1708,Kasarani,Townhouse,Unfurnished,2,2,105.8,106962.0,1948.0,2.6,15.1,7.5,91.1,1,No,Yes,Student,Occupied,78.8,95075.0,106962.0
1709,Embakasi,Townhouse,Unfurnished,2,2,75.6,422499.0,9224.0,5.0,17.2,7.9,96.0,2,No,No,Family,Vacant,73.3,363370.0,422499.0
1710,Ruaka,Bedsitter,Semi-Furnished,2,2,80.4,166373.0,2805.0,8.0,13.0,7.4,89.0,2,No,No,Student,Occupied,41.1,143556.0,166373.0
1711,Kilimani,Townhouse,Unfurnished,3,3,82.3,230110.0,3243.0,9.4,10.5,4.8,93.5,1,No,No,Student,Occupied,77.5,221381.0,230110.0
1712,Kileleshwa,Maisonette,Furnished,3,2,77.1,230779.0,3263.0,9.4,8.7,5.1,81.7,2,No,Yes,Student,Occupied,84.2,198947.0,230779.0
1713,South B,Apartment,Furnished,1,2,85.9,124623.0,6048.0,3.2,8.0,6.0,90.1,1,Yes,Yes,Professional,Occupied,66.1,120103.0,124623.0
1714,South B,Apartment,Unfurnished,2,1,98.4,143231.0,4800.0,8.2,2.4,6.9,97.6,1,No,Yes,Expat,Occupied,90.6,136007.0,143231.0
1715,Roysambu,Apartment,Furnished,2,2,94.8,131159.0,4436.0,1.6,6.5,6.1,98.7,2,Yes,No,Student,Occupied,83.7,125303.0,131159.0
1716,Karen,Bedsitter,Unfurnished,3,3,75.8,345851.0,3802.0,9.1,6.4,7.8,85.7,2,Yes,No,Professional,Occupied,79.7,327122.0,345851.0
1717,Runda,Maisonette,Unfurnished,4,5,74.6,433087.0,2701.0,10.7,9.0,8.4,87.4,3,No,Yes,Professional,Vacant,64.9,376437.0,433087.0
1718,Runda,Apartment,Furnished,4,3,72.2,458794.0,8672.0,4.9,21.4,8.6,84.0,3,Yes,Yes,Professional,Occupied,77.8,404966.0,458794.0
1719,Lavington,Maisonette,Unfurnished,4,5,86.3,290684.0,4273.0,28.5,11.1,7.4,79.0,2,Yes,No,Family,Occupied,78.5,256551.0,290684.0
1720,Donholm,Bedsitter,Furnished,3,4,61.3,89944.0,6014.0,3.7,13.5,8.3,91.9,2,Yes,No,Student,Occupied,74.2,76986.0,89944.0
1721,Langata,Apartment,Semi-Furnished,4,3,71.6,181609.0,4629.0,13.6,13.6,6.3,96.8,3,Yes,Yes,Expat,Occupied,83.9,166801.0,181609.0
1722,Kilimani,Townhouse,Furnished,2,3,78.1,207970.0,2996.0,3.8,21.5,6.8,88.9,1,Yes,Yes,Student,Occupied,71.4,201816.0,207970.0
1723,Runda,Apartment,Semi-Furnished,2,1,100.8,457850.0,21521.0,4.6,8.5,5.6,68.3,2,Yes,Yes,Student,Occupied,72.3,406629.0,457850.0
1724,Roysambu,Apartment,Semi-Furnished,2,1,83.0,138693.0,9520.0,9.3,10.7,8.4,92.9,1,No,Yes,Expat,Occupied,68.3,119541.0,138693.0
1725,Kileleshwa,Bedsitter,Semi-Furnished,3,3,100.1,244069.0,2757.0,39.0,11.4,9.4,92.3,3,No,Yes,Professional,Occupied,70.5,207465.0,244069.0
1726,Karen,Apartment,Unfurnished,2,3,87.8,311274.0,16929.0,15.6,18.8,6.6,95.1,2,No,Yes,Student,Occupied,73.5,286999.0,311274.0
1727,Embakasi,Bedsitter,Unfurnished,5,5,77.9,126470.0,7701.0,3.2,20.1,4.4,86.4,3,No,No,Professional,Vacant,73.1,109657.0,126470.0
1728,Lavington,Apartment,Unfurnished,2,3,78.5,230555.0,1872.0,12.3,14.8,5.9,82.7,1,No,No,Professional,Occupied,72.7,199203.0,230555.0
1729,Roysambu,Apartment,Unfurnished,4,5,67.5,148657.0,7461.0,14.1,19.4,6.2,94.5,2,Yes,Yes,Professional,Occupied,84.2,141354.0,148657.0
1730,South C,Townhouse,Unfurnished,2,2,121.0,170455.0,5385.0,9.1,13.1,5.4,96.9,1,Yes,No,Expat,Occupied,90.0,151553.0,170455.0
1731,Westlands,Apartment,Semi-Furnished,4,4,101.7,326238.0,4518.0,14.5,11.0,5.8,99.6,3,No,No,Professional,Occupied,62.2,308946.0,326238.0
1732,Embakasi,Apartment,Unfurnished,2,2,94.1,110209.0,8187.0,17.8,19.1,7.2,90.0,1,No,Yes,Student,Occupied,89.8,100465.0,110209.0
1733,Donholm,Apartment,Unfurnished,6,5,65.5,117020.0,5108.0,4.3,14.9,7.8,96.0,4,Yes,No,Professional,Occupied,81.7,100716.0,117020.0
1734,South C,Townhouse,Semi-Furnished,4,5,78.2,162682.0,985.0,9.6,7.6,4.5,97.9,2,Yes,No,Family,Occupied,66.1,141657.0,162682.0
1735,Kasarani,Apartment,Unfurnished,1,1,70.4,71400.0,1560.0,5.5,18.0,6.4,93.9,2,No,No,Family,Vacant,71.7,64004.0,71400.0
1736,Donholm,Apartment,Unfurnished,2,3,86.9,111163.0,2211.0,4.9,10.7,7.0,90.8,2,No,Yes,Family,Vacant,77.8,96554.0,111163.0
1737,South B,Apartment,Unfurnished,1,2,71.1,126097.0,16267.0,3.4,10.0,5.7,96.1,1,No,Yes,Professional,Occupied,58.4,119759.0,126097.0
1738,Westlands,Apartment,Unfurnished,4,3,74.9,263968.0,6350.0,27.3,17.4,7.3,80.3,2,Yes,Yes,Student,Vacant,74.1,249206.0,263968.0
1739,Kilimani,Maisonette,Semi-Furnished,2,1,71.5,193677.0,5877.0,9.8,11.5,6.9,96.8,1,No,Yes,Student,Occupied,80.3,182485.0,193677.0
1740,Kileleshwa,Maisonette,Semi-Furnished,6,6,81.4,304339.0,4339.0,15.4,14.3,6.5,86.4,4,No,No,Professional,Occupied,67.6,265473.0,304339.0
1741,Westlands,Apartment,Furnished,3,3,86.1,295095.0,2111.0,10.0,16.0,6.0,87.9,3,No,No,Professional,Occupied,60.2,253596.0,295095.0
1742,Donholm,Bedsitter,Unfurnished,5,5,81.8,112636.0,1455.0,12.6,7.3,7.3,95.1,3,No,No,Expat,Vacant,77.0,101071.0,112636.0
1743,Langata,Apartment,Furnished,2,2,108.0,242567.0,8079.0,3.6,14.3,6.1,87.3,1,No,Yes,Professional,Occupied,97.1,206669.0,242567.0
1744,South C,Townhouse,Unfurnished,6,6,97.2,220010.0,12892.0,2.7,20.1,4.9,91.9,3,No,Yes,Family,Vacant,67.9,193126.0,220010.0
1745,Kilimani,Townhouse,Furnished,6,6,73.3,308317.0,6466.0,1.2,6.3,7.0,87.4,3,No,No,Expat,Vacant,68.1,276628.0,308317.0
1746,Umoja,Apartment,Furnished,4,4,89.9,137646.0,2854.0,10.6,14.7,5.5,91.2,3,Yes,Yes,Expat,Vacant,73.0,122708.0,137646.0
1747,Langata,Maisonette,Semi-Furnished,2,2,74.5,149361.0,3022.0,1.9,7.0,5.0,98.1,3,No,Yes,Professional,Vacant,90.7,129046.0,149361.0
1748,South B,Maisonette,Unfurnished,2,2,79.1,136479.0,6537.0,2.6,18.1,7.2,99.0,1,No,No,Professional,Occupied,58.5,130787.0,136479.0
1749,Langata,Apartment,Furnished,2,3,92.2,156864.0,3709.0,10.5,18.1,6.8,77.1,2,No,No,Expat,Occupied,82.7,148658.0,156864.0
1750,Lavington,Apartment,Semi-Furnished,1,1,95.0,235843.0,3604.0,12.8,9.9,6.0,98.5,1,No,No,Expat,Occupied,70.3,220425.0,235843.0
1751,Lavington,Apartment,Semi-Furnished,4,4,76.2,267232.0,2760.0,31.8,25.3,7.3,91.7,2,No,Yes,Expat,Occupied,71.2,229538.0,267232.0
1752,Kasarani,Maisonette,Semi-Furnished,3,4,68.4,90391.0,2529.0,2.1,18.6,7.5,95.3,2,No,Yes,Expat,Occupied,64.9,77142.0,90391.0
1753,Donholm,Townhouse,Furnished,3,4,86.3,98519.0,3699.0,3.9,16.2,7.3,93.3,3,Yes,No,Expat,Occupied,72.5,90932.0,98519.0
1754,Karen,Maisonette,Unfurnished,2,2,91.5,343679.0,1328.0,5.1,15.9,7.2,83.8,2,Yes,No,Student,Vacant,65.2,294100.0,343679.0
1755,Embakasi,Maisonette,Unfurnished,3,2,75.4,99581.0,6208.0,9.5,17.9,5.1,93.4,2,No,No,Expat,Vacant,69.6,89549.0,99581.0
1756,Embakasi,Bedsitter,Furnished,4,3,97.2,151233.0,1089.0,1.5,6.0,8.6,85.3,3,Yes,Yes,Expat,Vacant,50.3,137361.0,151233.0
1757,Umoja,Maisonette,Unfurnished,1,1,94.6,75338.0,8482.0,21.8,13.2,7.7,78.5,2,No,No,Student,Occupied,57.7,65233.0,75338.0
1758,Umoja,Maisonette,Unfurnished,4,5,75.2,88221.0,2781.0,6.2,14.3,5.9,88.1,3,Yes,Yes,Family,Occupied,78.4,79342.0,88221.0
1759,Kilimani,Apartment,Unfurnished,4,4,102.0,329000.0,3702.0,4.9,9.6,7.0,96.5,3,No,Yes,Family,Occupied,87.6,299589.0,329000.0
1760,South B,Bedsitter,Unfurnished,2,2,102.4,153506.0,5947.0,2.5,14.8,7.2,93.0,1,No,Yes,Family,Occupied,100.0,148690.0,153506.0
1761,Runda,Maisonette,Unfurnished,2,3,116.0,472707.0,3289.0,2.2,19.4,7.0,86.7,2,Yes,No,Family,Occupied,84.2,458079.0,472707.0
1762,Kasarani,Apartment,Unfurnished,3,3,110.7,159095.0,2400.0,9.3,9.5,9.2,92.3,3,No,Yes,Professional,Occupied,69.9,141526.0,159095.0
1763,Lavington,Maisonette,Unfurnished,3,3,71.5,254325.0,4917.0,12.5,11.7,4.7,96.2,2,No,Yes,Professional,Occupied,55.2,244305.0,254325.0
1764,Kilimani,Apartment,Semi-Furnished,6,5,98.9,334625.0,18748.0,5.8,7.1,5.2,81.5,3,Yes,No,Expat,Vacant,80.4,293391.0,334625.0
1765,Runda,Apartment,Unfurnished,1,1,98.2,393970.0,6985.0,2.7,1.3,,94.0,2,Yes,Yes,Expat,Occupied,60.5,350710.0,393970.0
1766,Embakasi,Maisonette,Unfurnished,3,3,79.8,114614.0,2367.0,3.1,16.7,7.1,84.1,2,No,Yes,Family,Occupied,66.9,104322.0,114614.0
1767,Karen,Apartment,Furnished,5,6,91.8,463708.0,3145.0,11.2,11.8,7.7,92.9,3,Yes,No,Family,Occupied,83.9,408025.0,463708.0
1768,Langata,Apartment,Semi-Furnished,4,5,56.8,154074.0,2881.0,21.5,12.3,7.4,93.1,3,No,No,Student,Occupied,77.9,130686.0,154074.0
1769,Lavington,Apartment,Unfurnished,3,2,56.4,211183.0,1954.0,31.4,6.1,6.7,94.0,2,Yes,Yes,Student,Occupied,65.7,197931.0,211183.0
1770,Kilimani,Maisonette,Unfurnished,4,5,59.3,238019.0,6124.0,7.1,10.9,7.5,66.6,2,Yes,No,Student,Occupied,57.9,213746.0,238019.0
1771,Westlands,Apartment,Semi-Furnished,3,2,90.8,286713.0,3203.0,7.0,18.6,6.6,97.3,2,Yes,Yes,Family,Occupied,77.1,247929.0,286713.0
1772,Runda,Townhouse,Unfurnished,1,1,91.5,338842.0,5026.0,14.3,12.0,7.9,88.3,1,Yes,No,Student,Occupied,78.4,328167.0,338842.0
1773,Langata,Apartment,Furnished,1,1,80.9,135250.0,645.0,8.6,12.2,8.3,90.2,0,Yes,No,Expat,Occupied,90.0,127531.0,135250.0
1774,Lavington,Townhouse,Semi-Furnished,4,3,110.8,359573.0,6523.0,2.6,13.2,5.9,87.6,2,No,Yes,Family,Occupied,50.1,324483.0,359573.0
1775,Embakasi,Townhouse,Unfurnished,2,2,99.8,112284.0,2659.0,7.5,4.6,6.7,97.8,1,Yes,No,Professional,Occupied,76.2,100899.0,112284.0
1776,Roysambu,Apartment,Semi-Furnished,3,2,61.0,98943.0,1991.0,10.1,15.7,6.8,86.0,2,Yes,Yes,Family,Occupied,84.2,94869.0,98943.0
1777,South B,Apartment,Furnished,2,3,82.4,143594.0,1578.0,9.2,4.5,8.7,97.0,1,Yes,Yes,Professional,Occupied,70.8,131603.0,143594.0
1778,Runda,Apartment,Unfurnished,3,4,70.9,381671.0,2114.0,6.9,6.4,6.0,78.3,2,No,No,Professional,Vacant,59.0,344479.0,381671.0
1779,Embakasi,Bedsitter,Semi-Furnished,4,5,91.2,149315.0,2982.0,14.3,5.7,8.3,97.0,4,No,Yes,Family,Occupied,65.8,136554.0,149315.0
1780,Lavington,Apartment,Semi-Furnished,4,3,84.5,328737.0,7496.0,9.6,10.9,5.2,92.8,2,No,Yes,Student,Occupied,75.4,289613.0,328737.0
1781,Runda,Apartment,Unfurnished,1,1,71.8,351569.0,2950.0,1.2,9.9,8.5,92.6,1,Yes,Yes,Expat,Occupied,70.1,306859.0,351569.0
1782,Kasarani,Apartment,Unfurnished,4,4,110.4,129977.0,8006.0,6.8,12.0,8.0,84.8,3,No,Yes,Family,Occupied,78.0,118264.0,129977.0
1783,Langata,Apartment,Unfurnished,2,2,85.9,154449.0,4937.0,8.9,6.6,6.8,80.8,0,No,No,Student,Occupied,87.8,141197.0,154449.0
1784,Ruaka,Apartment,Unfurnished,4,4,78.8,211476.0,14379.0,1.5,18.0,8.1,86.9,2,No,No,Professional,Occupied,71.0,186191.0,211476.0
1785,Lavington,Bedsitter,Furnished,4,4,81.2,335675.0,2834.0,9.1,17.0,6.4,89.9,4,Yes,Yes,Professional,Occupied,87.2,301515.0,335675.0
1786,Kasarani,Townhouse,Unfurnished,5,4,109.3,125580.0,5376.0,16.7,11.0,5.9,77.6,3,No,Yes,Professional,Occupied,73.8,108206.0,125580.0
1787,South C,Apartment,Unfurnished,1,1,98.7,147283.0,9645.0,2.2,9.1,9.0,77.6,1,Yes,Yes,Professional,Occupied,78.4,133630.0,147283.0
1788,Kilimani,Bedsitter,Unfurnished,4,4,82.6,270309.0,6256.0,5.3,8.5,6.4,87.4,3,Yes,Yes,Family,Occupied,73.8,242180.0,270309.0
1789,Roysambu,Apartment,Unfurnished,3,2,70.1,106093.0,3572.0,9.2,10.1,7.8,85.7,1,Yes,Yes,Expat,Occupied,78.6,101106.0,106093.0
1790,Umoja,Maisonette,Unfurnished,6,5,72.5,142212.0,2860.0,13.0,3.6,8.3,92.1,3,No,Yes,Professional,Occupied,80.4,123085.0,142212.0
1791,Langata,Townhouse,Semi-Furnished,3,2,77.8,164846.0,1032.0,8.0,6.2,8.0,66.8,2,Yes,Yes,Student,Occupied,81.4,150772.0,164846.0
1792,Runda,Maisonette,Semi-Furnished,3,2,92.6,452219.0,3403.0,3.5,17.2,7.7,94.6,2,No,No,Student,Vacant,75.0,397430.0,452219.0
1793,South B,Townhouse,Unfurnished,4,4,96.3,159279.0,2110.0,19.9,13.8,7.8,88.5,2,No,No,Expat,Occupied,41.7,145537.0,159279.0
1794,Embakasi,Apartment,Unfurnished,2,2,74.1,116662.0,2754.0,22.4,21.8,8.3,78.0,1,No,No,Expat,Vacant,81.0,113247.0,116662.0
1795,Umoja,Maisonette,Unfurnished,2,1,97.0,83673.0,4172.0,5.7,10.2,7.4,76.6,1,No,No,Expat,Occupied,55.3,76760.0,83673.0
1796,Westlands,Maisonette,Semi-Furnished,4,5,71.4,373994.0,1349.0,5.5,9.8,7.0,88.8,2,No,Yes,Professional,Occupied,68.9,355465.0,373994.0
1797,Embakasi,Apartment,Unfurnished,3,3,75.8,108254.0,2008.0,8.9,9.6,5.4,91.1,1,No,No,Family,Vacant,51.1,99334.0,108254.0
1798,Runda,Townhouse,Unfurnished,3,3,63.3,370569.0,5277.0,5.8,10.1,7.4,90.5,3,Yes,No,Professional,Occupied,92.0,343692.0,370569.0
1799,Roysambu,Apartment,Unfurnished,3,4,62.8,104754.0,1660.0,9.0,8.0,8.2,94.3,1,No,No,Professional,Occupied,79.2,98789.0,104754.0
1800,Donholm,Bedsitter,Unfurnished,1,1,71.2,67694.0,3899.0,13.0,13.6,5.7,97.0,1,No,Yes,Student,Occupied,71.7,64558.0,67694.0
1801,Embakasi,Apartment,Unfurnished,4,5,84.6,136132.0,1508.0,10.3,12.2,6.7,94.3,2,Yes,No,Family,Occupied,89.2,119489.0,136132.0
1802,Donholm,Apartment,Unfurnished,6,6,70.1,123734.0,5816.0,7.8,8.9,7.5,93.2,4,Yes,No,Family,Occupied,80.3,108232.0,123734.0
1803,Kilimani,Maisonette,Unfurnished,1,1,107.5,236084.0,6374.0,4.4,19.5,8.8,73.7,0,Yes,Yes,Student,Occupied,76.2,220691.0,236084.0
1804,Roysambu,Bedsitter,Unfurnished,4,4,71.0,134205.0,9551.0,22.5,23.4,5.6,78.9,2,No,No,Student,Occupied,79.0,121532.0,134205.0
1805,Lavington,Apartment,Unfurnished,3,4,87.8,284038.0,9620.0,12.4,19.0,8.0,91.1,1,Yes,Yes,Student,Occupied,71.2,258308.0,284038.0
1806,Kasarani,Apartment,Unfurnished,2,1,104.8,102398.0,4875.0,14.2,15.3,6.6,62.4,0,Yes,Yes,Expat,Occupied,62.6,94525.0,102398.0
1807,Westlands,Maisonette,Unfurnished,2,2,86.4,230328.0,1172.0,23.2,16.6,6.2,79.4,2,No,Yes,Family,Occupied,84.6,214929.0,230328.0
1808,Kileleshwa,Apartment,Unfurnished,3,2,79.5,236531.0,4030.0,7.9,23.1,5.9,95.6,2,No,Yes,Student,Occupied,74.3,223584.0,236531.0
1809,Runda,Apartment,Unfurnished,2,1,87.2,350243.0,5544.0,19.6,16.6,6.2,96.3,2,Yes,No,Student,Vacant,57.4,301691.0,350243.0
1810,Karen,Townhouse,Semi-Furnished,5,6,76.6,393250.0,4379.0,20.6,8.5,7.6,82.0,3,No,Yes,Student,Occupied,80.1,340477.0,393250.0
1811,Kileleshwa,Maisonette,Semi-Furnished,3,3,70.0,269635.0,12886.0,7.6,14.4,6.7,82.2,2,No,Yes,Professional,Occupied,75.4,246788.0,269635.0
1812,Embakasi,Apartment,Unfurnished,6,5,94.2,153736.0,9980.0,26.7,15.8,7.9,92.0,3,No,No,Family,Occupied,92.0,135072.0,153736.0
1813,Umoja,Maisonette,Unfurnished,2,3,76.3,73335.0,4098.0,10.5,6.0,5.7,90.4,2,No,Yes,Family,Occupied,77.7,66381.0,73335.0
1814,Runda,Maisonette,Unfurnished,4,5,99.1,496055.0,6782.0,14.7,10.3,7.8,95.6,2,Yes,No,Expat,Occupied,63.2,475692.0,496055.0
1815,Kasarani,Maisonette,Unfurnished,4,3,96.9,122980.0,1442.0,9.6,18.6,7.5,94.0,3,No,No,Professional,Occupied,,106628.0,122980.0
1816,South C,Apartment,Unfurnished,4,3,87.5,186010.0,4594.0,12.6,1.1,5.2,84.7,2,No,Yes,Family,Occupied,87.6,175003.0,186010.0
1817,Kasarani,Apartment,Unfurnished,1,2,99.6,97376.0,1661.0,4.0,4.5,8.8,96.4,1,No,No,Expat,Occupied,74.4,85717.0,97376.0
1818,Karen,Apartment,Unfurnished,2,1,76.8,288309.0,3550.0,16.9,10.9,7.4,94.3,2,No,No,Expat,Occupied,66.3,259946.0,288309.0
1819,Westlands,Apartment,Unfurnished,4,3,96.8,323481.0,2502.0,5.8,14.1,7.9,97.0,4,No,No,Student,Vacant,67.8,285362.0,323481.0
1820,Kasarani,Bedsitter,Furnished,3,3,96.7,122442.0,2551.0,33.6,3.9,8.4,83.4,1,Yes,No,Expat,Occupied,88.0,111242.0,122442.0
1821,South B,Apartment,Semi-Furnished,3,4,80.5,163358.0,2279.0,4.5,11.2,8.2,89.8,1,Yes,No,Expat,Occupied,79.7,143879.0,163358.0
1822,South C,Bedsitter,Semi-Furnished,2,1,78.6,146617.0,3041.0,8.6,18.9,6.8,92.5,1,Yes,Yes,Professional,Occupied,86.0,141670.0,146617.0
1823,Kileleshwa,Apartment,Semi-Furnished,2,3,89.9,241489.0,2696.0,7.1,12.4,7.9,79.9,1,Yes,Yes,Student,Occupied,77.5,233069.0,241489.0
1824,Lavington,Apartment,Unfurnished,5,5,114.5,421369.0,6269.0,3.0,17.6,4.8,96.5,3,No,No,Student,Occupied,66.6,361861.0,421369.0
1825,Kilimani,Maisonette,Semi-Furnished,2,3,81.5,192744.0,3344.0,21.1,8.4,7.5,83.6,2,Yes,No,Student,Vacant,92.9,168711.0,192744.0
1826,South B,Apartment,Furnished,3,4,78.2,153621.0,3898.0,5.4,7.1,9.1,96.0,1,Yes,Yes,Expat,Vacant,71.1,133089.0,153621.0
1827,Ruaka,Apartment,Semi-Furnished,5,6,102.7,243446.0,4933.0,9.9,17.1,6.2,92.0,3,No,Yes,Student,Occupied,83.0,221619.0,243446.0
1828,South C,Maisonette,Furnished,5,5,86.0,197566.0,4922.0,4.8,14.2,8.1,91.1,4,No,Yes,Family,Occupied,85.8,179777.0,197566.0
1829,Lavington,Apartment,Unfurnished,4,4,98.0,341398.0,1904.0,17.1,4.9,9.1,99.2,2,No,No,Professional,Occupied,75.1,307538.0,341398.0
1830,Lavington,Maisonette,Unfurnished,4,5,107.1,358064.0,3344.0,7.9,7.2,7.8,77.5,3,No,Yes,Professional,Vacant,63.9,335722.0,358064.0
1831,Runda,Maisonette,Unfurnished,6,6,56.4,518191.0,4751.0,10.7,21.4,8.2,87.4,2,No,No,Expat,Vacant,68.2,454543.0,518191.0
1832,South C,Apartment,Semi-Furnished,2,2,84.4,141434.0,2172.0,8.5,6.5,5.1,95.9,1,No,No,Student,Occupied,81.8,122516.0,141434.0
1833,Westlands,Maisonette,Furnished,3,2,81.6,260161.0,2007.0,11.5,17.6,5.9,92.2,2,No,Yes,Professional,Occupied,80.3,223107.0,260161.0
1834,Embakasi,Apartment,Semi-Furnished,4,4,70.6,115660.0,1770.0,20.3,9.1,8.7,91.9,2,No,Yes,Expat,Vacant,88.0,104428.0,115660.0
1835,Karen,Apartment,Unfurnished,3,4,56.2,298115.0,4635.0,8.6,12.0,8.2,98.3,2,Yes,No,Expat,Occupied,86.4,272952.0,298115.0
1836,Ruaka,Apartment,Semi-Furnished,3,2,61.1,162425.0,3276.0,13.0,13.8,7.6,89.8,2,No,Yes,Professional,Occupied,65.5,140671.0,162425.0
1837,Karen,Apartment,Unfurnished,5,4,86.6,450636.0,3619.0,8.0,0.0,6.7,84.7,4,No,Yes,Student,Occupied,89.4,394292.0,450636.0
1838,Kileleshwa,Townhouse,Semi-Furnished,3,2,77.0,256305.0,1157.0,4.2,3.2,7.3,86.8,2,No,Yes,Student,Occupied,64.7,220935.0,256305.0
1839,Kileleshwa,Apartment,Unfurnished,5,5,73.0,281717.0,4229.0,10.7,12.5,9.1,90.4,2,No,No,Family,Occupied,80.9,249669.0,281717.0
1840,Karen,Apartment,Semi-Furnished,3,3,86.4,378942.0,4378.0,4.6,7.7,6.9,75.5,2,No,Yes,Family,Occupied,99.2,325972.0,378942.0
1841,Kasarani,Apartment,Semi-Furnished,5,5,74.6,178559.0,,7.6,18.0,7.8,72.4,3,No,No,Student,Occupied,78.1,171139.0,178559.0
1842,Westlands,Bedsitter,Unfurnished,5,5,104.4,376893.0,11042.0,2.4,2.4,7.8,94.1,3,Yes,No,Family,Occupied,57.2,332964.0,376893.0
1843,Donholm,Apartment,Semi-Furnished,3,4,75.7,92451.0,2364.0,10.1,15.4,6.2,90.4,2,Yes,No,Family,Vacant,71.7,88613.0,92451.0
1844,Kasarani,Apartment,Furnished,3,2,107.6,125142.0,5661.0,8.3,3.7,6.3,94.2,3,Yes,Yes,Professional,Occupied,96.7,109549.0,125142.0
1845,Umoja,Maisonette,Unfurnished,3,4,84.5,108348.0,5085.0,9.8,9.9,8.8,87.1,2,Yes,Yes,Student,Occupied,72.9,96372.0,108348.0
1846,Kasarani,Apartment,Unfurnished,3,3,75.2,115554.0,5534.0,10.0,5.6,7.7,87.2,1,Yes,Yes,Professional,Occupied,88.3,111927.0,115554.0
1847,Kilimani,Apartment,Unfurnished,4,4,74.1,267140.0,3238.0,12.1,23.4,6.2,92.4,3,No,Yes,Professional,Occupied,65.4,238541.0,267140.0
1848,Langata,Apartment,Semi-Furnished,5,6,107.7,242893.0,6867.0,13.3,4.0,6.6,98.1,3,No,Yes,Expat,Vacant,71.4,230900.0,242893.0
1849,Embakasi,Apartment,Semi-Furnished,4,3,95.4,127526.0,2415.0,32.2,11.3,5.8,89.5,2,No,No,Student,Occupied,72.8,121296.0,127526.0
1850,Kilimani,Maisonette,Semi-Furnished,4,3,73.6,248713.0,2896.0,22.8,1.6,8.3,95.9,3,No,No,Professional,Vacant,94.5,236291.0,248713.0
1851,Runda,Apartment,Furnished,3,3,86.8,417333.0,3535.0,13.1,21.6,6.7,87.3,2,No,Yes,Family,Occupied,71.9,378508.0,417333.0
1852,Langata,Apartment,Unfurnished,4,4,49.6,148481.0,3427.0,7.4,14.4,6.7,81.2,2,Yes,Yes,Expat,Vacant,56.1,141771.0,148481.0
1853,Langata,Apartment,Unfurnished,6,6,65.0,199444.0,5227.0,7.5,12.8,8.0,90.2,3,No,Yes,Family,Occupied,98.8,190155.0,199444.0
1854,South C,Maisonette,Semi-Furnished,4,4,73.7,163389.0,4828.0,1.4,20.8,5.0,96.7,2,No,Yes,Expat,Occupied,77.3,152925.0,163389.0
1855,Westlands,Bedsitter,Unfurnished,5,4,73.4,334074.0,4857.0,4.6,12.9,7.0,74.6,3,Yes,No,Family,Occupied,81.5,324303.0,334074.0
1856,Westlands,Apartment,Semi-Furnished,3,4,103.2,305803.0,10150.0,8.1,13.3,7.0,96.7,2,Yes,Yes,Family,Occupied,58.9,285432.0,305803.0
1857,Langata,Maisonette,Unfurnished,5,4,56.3,180079.0,3479.0,10.7,12.8,6.7,90.1,2,Yes,Yes,Family,Vacant,77.6,160390.0,180079.0
1858,Umoja,Bedsitter,Furnished,4,5,63.6,111666.0,8428.0,40.3,15.4,6.3,89.7,3,No,Yes,Professional,Occupied,75.2,99681.0,111666.0
1859,Kasarani,Maisonette,Furnished,6,6,91.8,154459.0,1910.0,11.9,9.0,6.1,84.5,4,No,Yes,Student,Occupied,65.3,131407.0,154459.0
1860,South C,Maisonette,Unfurnished,5,5,88.5,184180.0,3678.0,13.4,10.7,7.3,97.8,3,No,No,Expat,Occupied,81.7,175754.0,184180.0
1861,Embakasi,Apartment,Unfurnished,4,5,79.8,136525.0,3839.0,4.1,16.9,5.8,94.6,2,Yes,Yes,Professional,Occupied,57.9,117711.0,136525.0
1862,Langata,Apartment,Unfurnished,2,2,115.8,191971.0,,6.2,13.7,7.2,95.8,1,Yes,No,Expat,Vacant,65.3,176334.0,191971.0
1863,South B,Apartment,Furnished,3,2,94.3,153841.0,4153.0,8.1,11.3,6.3,95.6,2,Yes,Yes,Professional,Occupied,87.1,141391.0,153841.0
1864,Kileleshwa,Apartment,Semi-Furnished,5,5,103.3,320516.0,4364.0,3.1,3.6,6.4,96.7,3,Yes,No,Expat,Vacant,67.7,296138.0,320516.0
1865,Kileleshwa,Townhouse,Semi-Furnished,2,2,84.2,214001.0,6113.0,11.7,21.0,7.2,95.8,2,Yes,No,Expat,Occupied,70.1,204061.0,214001.0
1866,Kilimani,Apartment,Semi-Furnished,1,1,76.8,178903.0,5639.0,5.5,8.0,6.4,96.2,0,Yes,No,Family,Occupied,75.9,162377.0,178903.0
1867,Runda,Apartment,Unfurnished,4,4,77.0,462468.0,,3.7,17.9,8.5,87.6,3,No,Yes,Expat,Occupied,71.3,402809.0,462468.0
1868,Roysambu,Maisonette,Furnished,3,2,98.9,185340.0,9294.0,15.4,13.1,6.8,82.1,1,Yes,No,Expat,Occupied,81.9,159595.0,185340.0
1869,Roysambu,Apartment,Semi-Furnished,6,6,96.6,176016.0,2911.0,8.1,4.2,8.3,96.0,3,No,Yes,Family,Occupied,76.8,149874.0,176016.0
1870,Kileleshwa,Apartment,Unfurnished,3,3,81.7,224081.0,2635.0,11.0,19.5,6.1,95.6,1,No,Yes,Professional,Occupied,59.9,195228.0,224081.0
1871,Donholm,Apartment,Semi-Furnished,3,3,92.1,114713.0,5671.0,3.7,13.5,6.1,88.5,2,No,No,Professional,Occupied,67.7,102107.0,114713.0
1872,Lavington,Apartment,Unfurnished,2,1,99.4,274830.0,7301.0,14.4,20.0,5.0,87.4,2,No,No,Student,Occupied,66.6,248798.0,274830.0
1873,Kilimani,Maisonette,Unfurnished,2,1,76.5,195457.0,2891.0,12.5,10.9,6.4,96.8,1,Yes,Yes,Student,Occupied,70.4,168319.0,195457.0
1874,Roysambu,Apartment,Furnished,4,3,79.8,116001.0,3901.0,9.5,16.2,6.7,94.2,2,No,No,Student,Occupied,76.1,101673.0,116001.0
1875,Kileleshwa,Apartment,Unfurnished,4,4,91.7,286079.0,7614.0,14.1,1.4,7.1,94.7,3,No,Yes,Student,Occupied,78.1,271373.0,286079.0
1876,Runda,Apartment,Unfurnished,4,5,58.2,405707.0,2098.0,6.2,9.0,7.8,83.3,2,Yes,Yes,Expat,Occupied,51.3,358277.0,405707.0
1877,Roysambu,Apartment,Semi-Furnished,3,2,92.0,119600.0,567.0,7.1,4.4,7.7,96.4,2,Yes,No,Expat,Vacant,85.3,109258.0,119600.0
1878,Kasarani,Bedsitter,Semi-Furnished,1,1,68.1,88100.0,5863.0,6.9,9.8,8.4,99.0,1,No,Yes,Student,Occupied,74.1,78705.0,88100.0
1879,Kasarani,Apartment,Semi-Furnished,4,3,99.1,184485.0,7635.0,2.6,14.8,5.9,93.7,2,No,Yes,Family,Vacant,63.8,158390.0,184485.0
1880,Westlands,Apartment,Unfurnished,4,5,117.2,363420.0,1318.0,7.9,8.4,7.0,93.1,3,Yes,Yes,Student,Occupied,84.5,322213.0,363420.0
1881,Umoja,Townhouse,Unfurnished,6,6,74.5,116589.0,3967.0,9.0,17.2,5.8,91.6,4,Yes,No,Professional,Occupied,53.9,99580.0,116589.0
1882,Westlands,Bedsitter,Unfurnished,3,3,64.8,252433.0,2839.0,5.9,6.9,7.5,90.3,2,No,Yes,Expat,Vacant,59.2,217623.0,252433.0
1883,Embakasi,Apartment,Unfurnished,3,3,82.3,115484.0,4403.0,8.1,17.3,9.2,77.2,3,Yes,Yes,Family,Occupied,96.3,110054.0,115484.0
1884,Langata,Bedsitter,Unfurnished,1,1,81.0,147442.0,946.0,8.5,19.9,5.6,85.7,2,No,Yes,Professional,Occupied,76.5,142905.0,147442.0
1885,South B,Maisonette,Unfurnished,5,5,94.9,185455.0,1657.0,13.6,18.1,7.8,95.5,4,Yes,No,Family,Occupied,67.6,170508.0,185455.0
1886,Westlands,Maisonette,Semi-Furnished,2,1,88.5,261214.0,5509.0,14.1,9.9,8.3,94.6,1,No,No,Family,Occupied,76.1,225223.0,261214.0
1887,Ruaka,Apartment,Unfurnished,5,6,80.6,248453.0,3666.0,21.2,0.0,5.9,92.7,3,Yes,No,Student,Occupied,73.2,233394.0,248453.0
1888,Roysambu,Townhouse,Furnished,4,5,86.4,142153.0,11535.0,6.2,15.5,7.5,90.6,3,Yes,No,Professional,Vacant,75.4,125388.0,142153.0
1889,Donholm,Apartment,Unfurnished,3,3,68.2,83134.0,6075.0,17.8,11.2,6.6,94.1,2,No,Yes,Student,Occupied,79.9,75481.0,83134.0
1890,South C,Apartment,Semi-Furnished,5,4,97.4,191700.0,2051.0,15.9,6.1,6.9,89.3,3,Yes,No,Professional,Occupied,73.0,167876.0,191700.0
1891,Kileleshwa,Apartment,Furnished,4,3,109.3,330877.0,6658.0,3.4,8.7,6.5,95.2,3,Yes,Yes,Expat,Occupied,78.5,313703.0,330877.0
1892,South C,Apartment,Furnished,1,1,67.0,108408.0,13305.0,16.7,20.6,6.7,94.9,1,No,Yes,Professional,Occupied,73.4,101709.0,108408.0
1893,Ruaka,Maisonette,Semi-Furnished,3,4,61.3,183568.0,3825.0,3.4,5.2,8.4,93.3,2,Yes,Yes,Expat,Occupied,66.8,172142.0,183568.0
1894,Runda,Apartment,Unfurnished,5,6,79.0,478939.0,5335.0,9.7,14.8,6.9,95.8,3,Yes,No,Expat,Occupied,63.9,430596.0,478939.0
1895,Westlands,Apartment,Semi-Furnished,5,6,66.7,297785.0,7171.0,18.5,13.3,,98.4,3,Yes,Yes,Student,Occupied,88.2,277411.0,297785.0
1896,South B,Maisonette,Unfurnished,4,5,65.9,203042.0,3580.0,1.6,9.9,7.1,79.0,2,No,Yes,Expat,Vacant,81.5,176289.0,203042.0
1897,Runda,Apartment,Semi-Furnished,3,4,64.0,346890.0,915.0,12.8,15.9,4.5,96.1,2,No,Yes,Student,Occupied,,320595.0,346890.0
1898,Lavington,Apartment,Unfurnished,4,4,82.1,327851.0,5938.0,3.7,21.8,6.0,87.6,2,No,Yes,Family,Occupied,75.0,290357.0,327851.0
1899,Lavington,Apartment,Semi-Furnished,2,2,78.8,261801.0,7043.0,21.5,10.2,8.5,81.1,2,No,Yes,Family,Occupied,77.3,223328.0,261801.0
1900,South C,Apartment,Furnished,6,6,90.6,247896.0,11206.0,15.6,10.5,6.8,89.7,4,Yes,No,Family,Occupied,73.2,221131.0,247896.0
1901,Langata,Apartment,Unfurnished,1,2,76.6,131658.0,1863.0,2.9,15.7,6.4,93.9,1,Yes,Yes,Professional,Occupied,86.6,123469.0,131658.0
1902,Kilimani,Bedsitter,Semi-Furnished,4,5,66.8,251866.0,1924.0,6.5,17.5,7.2,89.9,2,No,Yes,Expat,Occupied,71.6,218148.0,251866.0
1903,Langata,Apartment,Furnished,1,1,84.7,158150.0,2484.0,19.4,11.2,7.9,82.9,1,No,No,Student,Occupied,65.2,153264.0,158150.0
1904,Roysambu,Apartment,Semi-Furnished,6,6,69.1,173705.0,3578.0,11.2,10.2,8.6,77.3,3,No,No,Family,Occupied,80.2,162572.0,173705.0
1905,Ruaka,Maisonette,Furnished,2,3,92.7,177869.0,5866.0,13.9,0.0,6.5,97.5,1,No,No,Student,Occupied,73.5,163464.0,177869.0
1906,Kasarani,Bedsitter,Unfurnished,2,1,60.0,77004.0,1836.0,7.1,7.3,6.5,75.2,2,Yes,Yes,Family,Occupied,77.5,72687.0,77004.0
1907,Embakasi,Apartment,Semi-Furnished,4,4,52.5,101990.0,7820.0,16.1,5.2,6.7,90.2,3,No,No,Expat,Occupied,82.1,91014.0,101990.0
1908,Langata,Apartment,Unfurnished,3,4,60.9,138001.0,7549.0,24.6,16.1,8.2,88.1,2,No,Yes,Family,Vacant,69.2,123912.0,138001.0
1909,Umoja,Apartment,Unfurnished,2,3,78.7,82239.0,7701.0,4.2,10.5,7.1,91.1,1,Yes,No,Student,Occupied,72.8,75382.0,82239.0
1910,Embakasi,Apartment,Semi-Furnished,3,3,80.7,124601.0,3238.0,6.8,10.3,9.6,97.7,1,Yes,Yes,Family,Vacant,71.9,115999.0,124601.0
1911,Ruaka,Apartment,Unfurnished,3,2,87.1,193318.0,842.0,11.2,11.9,6.8,93.7,2,No,Yes,Student,Occupied,87.9,176532.0,193318.0
1912,Embakasi,Apartment,Unfurnished,2,3,76.5,137785.0,12344.0,8.0,6.8,9.1,91.5,1,No,No,Family,Occupied,75.1,128330.0,137785.0
1913,South B,Townhouse,Unfurnished,4,4,72.3,148701.0,2657.0,11.1,21.3,5.9,94.4,4,No,Yes,Student,Occupied,76.6,139864.0,148701.0
1914,Westlands,Apartment,Unfurnished,5,6,106.5,353298.0,6650.0,12.6,19.8,5.3,82.7,3,No,Yes,Family,Occupied,63.4,326315.0,353298.0
1915,South B,Maisonette,Unfurnished,2,3,102.5,144739.0,4382.0,8.1,21.7,6.9,96.1,1,No,No,Expat,Occupied,82.3,129191.0,144739.0
1916,Embakasi,Apartment,Unfurnished,2,3,99.8,142557.0,8867.0,6.0,16.1,8.4,92.7,1,Yes,Yes,Family,Occupied,79.3,126464.0,142557.0
1917,Runda,Maisonette,Semi-Furnished,1,2,89.6,332243.0,3882.0,9.7,11.8,6.4,93.5,1,No,No,Professional,Occupied,66.6,309178.0,332243.0
1918,Lavington,Bedsitter,Furnished,4,3,90.8,340859.0,,3.3,21.7,6.3,94.8,3,No,No,Student,Vacant,94.2,290809.0,340859.0
1919,Embakasi,Maisonette,Furnished,3,3,72.9,123249.0,4564.0,5.5,7.9,8.2,88.8,3,No,Yes,Family,Occupied,,115262.0,123249.0
1920,South B,Apartment,Semi-Furnished,4,4,87.2,159003.0,5390.0,7.3,6.8,7.8,87.7,3,No,Yes,Professional,Occupied,68.8,139867.0,159003.0
1921,Donholm,Bedsitter,Semi-Furnished,1,1,70.9,68855.0,1695.0,9.2,8.4,6.0,94.3,1,No,No,Student,Vacant,,66066.0,68855.0
1922,Ruaka,Apartment,Semi-Furnished,1,1,69.2,125196.0,14957.0,20.6,15.1,6.0,96.9,2,Yes,Yes,Family,Occupied,71.3,110819.0,125196.0
1923,Runda,Maisonette,Furnished,5,5,60.7,509407.0,3830.0,2.2,7.4,8.0,93.9,3,No,No,Family,Occupied,90.4,463522.0,509407.0
1924,South B,Apartment,Unfurnished,2,1,91.1,135520.0,6018.0,9.4,11.1,5.0,83.7,2,No,Yes,Expat,Occupied,84.3,121503.0,135520.0
1925,Langata,Apartment,Unfurnished,5,6,87.5,205395.0,11627.0,13.9,2.4,8.3,95.8,2,No,No,Family,Occupied,79.5,194207.0,205395.0
1926,Kileleshwa,Apartment,Unfurnished,6,6,80.5,308161.0,4002.0,7.8,14.9,7.8,91.6,4,Yes,Yes,Student,Vacant,92.2,281417.0,308161.0
1927,South C,Apartment,Semi-Furnished,2,2,78.5,132876.0,2004.0,6.2,2.9,4.3,97.1,2,Yes,No,Professional,Occupied,64.6,116055.0,132876.0
1928,Kilimani,Apartment,Unfurnished,3,4,57.5,201419.0,1960.0,8.5,6.4,7.0,95.1,2,No,Yes,Family,Vacant,82.8,175902.0,201419.0
1929,Kasarani,Apartment,Unfurnished,3,4,88.8,100899.0,2937.0,6.3,19.3,4.6,94.9,2,No,No,Professional,Occupied,80.5,94684.0,100899.0
1930,South B,Townhouse,Semi-Furnished,6,6,80.3,186241.0,5081.0,4.3,19.1,5.6,95.4,4,No,Yes,Student,Occupied,72.7,171985.0,186241.0
1931,Umoja,Maisonette,Semi-Furnished,2,2,98.4,87635.0,5467.0,5.1,14.2,6.4,89.1,2,No,No,Student,Occupied,72.7,85035.0,87635.0
1932,Kilimani,Townhouse,Unfurnished,2,2,87.2,220125.0,8874.0,5.2,13.7,5.5,96.8,1,No,Yes,Family,Occupied,84.2,210950.0,220125.0
1933,Ruaka,Apartment,Unfurnished,6,5,95.6,267235.0,1372.0,32.1,8.8,9.7,90.2,4,Yes,Yes,Expat,Occupied,83.5,254750.0,267235.0
1934,Donholm,Maisonette,Semi-Furnished,4,4,84.9,108036.0,4699.0,10.4,7.4,8.0,73.0,3,Yes,No,Family,Occupied,60.8,100587.0,108036.0
1935,Karen,Maisonette,Furnished,1,1,87.7,297260.0,6192.0,8.2,9.8,8.6,90.0,0,Yes,Yes,Expat,Occupied,93.2,259876.0,297260.0
1936,South B,Bedsitter,Furnished,3,3,99.0,162210.0,6031.0,4.5,2.9,6.8,96.5,2,Yes,Yes,Family,Occupied,86.4,146592.0,162210.0
1937,Kileleshwa,Bedsitter,Unfurnished,2,3,82.1,200155.0,741.0,22.7,13.5,7.0,87.9,2,No,Yes,Professional,Occupied,72.2,174216.0,200155.0
1938,Kilimani,Apartment,Unfurnished,2,1,92.1,224777.0,3101.0,13.4,12.3,8.9,88.4,2,No,No,Expat,Vacant,67.1,196615.0,224777.0
1939,Kasarani,Maisonette,Semi-Furnished,4,3,78.3,166643.0,7112.0,14.5,6.4,7.5,84.1,3,Yes,Yes,Expat,Occupied,86.1,149045.0,166643.0
1940,Embakasi,Apartment,Furnished,4,3,83.0,129505.0,2279.0,20.8,21.4,7.7,93.2,4,Yes,Yes,Professional,Vacant,80.0,117202.0,129505.0
1941,South B,Apartment,Unfurnished,6,6,108.9,231105.0,1754.0,6.3,15.6,5.9,88.0,4,No,No,Family,Occupied,82.2,197577.0,231105.0
1942,Westlands,Apartment,Unfurnished,2,1,94.6,249350.0,5971.0,21.2,16.2,5.9,94.4,2,No,Yes,Student,Occupied,80.7,223554.0,249350.0
1943,Donholm,Townhouse,Semi-Furnished,5,5,76.9,147627.0,4961.0,11.0,9.1,7.3,94.8,3,Yes,Yes,Student,Occupied,87.1,133911.0,147627.0
1944,Ruaka,Maisonette,Unfurnished,5,4,91.3,228865.0,4728.0,17.4,12.0,,85.5,3,No,No,Family,Occupied,83.6,197235.0,228865.0
1945,South C,Townhouse,Furnished,6,6,65.8,185704.0,2560.0,9.2,15.8,5.8,98.7,4,Yes,Yes,Professional,Occupied,69.7,178439.0,185704.0
1946,Kileleshwa,Bedsitter,Semi-Furnished,4,3,81.7,261916.0,1603.0,6.4,12.9,7.4,86.7,3,Yes,No,Student,Occupied,69.1,232112.0,261916.0
1947,Roysambu,Apartment,Unfurnished,3,4,70.7,101813.0,7821.0,14.3,21.6,5.5,59.4,2,No,Yes,Professional,Occupied,78.6,97247.0,101813.0
1948,Roysambu,Apartment,Semi-Furnished,4,5,91.8,169274.0,41613.0,4.0,10.8,7.0,92.3,3,No,No,Family,Occupied,97.9,146815.0,169274.0
1949,Umoja,Apartment,Unfurnished,3,2,82.2,153516.0,1294.0,13.3,9.0,5.3,84.0,3,No,No,Professional,Vacant,73.5,133620.0,153516.0
1950,Kilimani,Apartment,Unfurnished,3,3,89.3,280325.0,8219.0,0.9,15.8,8.6,90.0,2,No,Yes,Professional,Occupied,78.6,253564.0,280325.0
1951,Kileleshwa,Apartment,Unfurnished,6,6,96.6,338244.0,3569.0,2.7,4.4,,70.6,3,Yes,No,Professional,Vacant,,299554.0,338244.0
1952,Runda,Apartment,Furnished,2,2,78.1,382571.0,5024.0,4.9,17.5,6.2,88.6,1,No,No,Student,Occupied,70.8,333863.0,382571.0
1953,Kasarani,Apartment,Furnished,4,5,78.6,141134.0,3859.0,7.9,4.2,5.6,96.3,2,No,Yes,Professional,Occupied,83.0,128013.0,141134.0
1954,South C,Townhouse,Semi-Furnished,2,3,84.4,161004.0,18707.0,14.8,15.8,5.5,97.3,1,No,Yes,Expat,Occupied,75.1,138095.0,161004.0
1955,Embakasi,Apartment,Unfurnished,6,6,72.1,142960.0,2295.0,5.4,8.1,7.5,97.6,4,No,No,Professional,Vacant,87.5,130491.0,142960.0
1956,South B,Maisonette,Unfurnished,4,4,84.8,165273.0,2641.0,12.0,14.9,,93.5,3,Yes,Yes,Professional,Occupied,65.6,142011.0,165273.0
1957,South B,Bedsitter,Unfurnished,6,6,85.6,192884.0,4244.0,8.2,17.4,8.1,96.9,3,No,Yes,Family,Occupied,98.1,172616.0,192884.0
1958,Roysambu,Apartment,Unfurnished,5,5,88.4,136841.0,5986.0,16.8,12.9,8.7,95.6,3,No,No,Professional,Occupied,71.9,125091.0,136841.0
1959,South B,Apartment,Unfurnished,2,1,91.3,143623.0,10244.0,4.6,4.8,9.1,81.8,2,Yes,No,Professional,Occupied,80.2,139356.0,143623.0
1960,Ruaka,Apartment,Unfurnished,2,1,61.0,156073.0,5677.0,7.1,6.6,8.1,79.4,2,Yes,Yes,Student,Occupied,75.0,145274.0,156073.0
1961,South C,Apartment,Semi-Furnished,3,2,65.7,136900.0,4712.0,19.0,7.6,6.4,95.8,2,Yes,Yes,Expat,Vacant,64.2,117998.0,136900.0
1962,Westlands,Bedsitter,Semi-Furnished,3,4,67.5,251713.0,2954.0,4.2,0.6,7.2,89.8,1,No,Yes,Family,Occupied,83.3,230021.0,251713.0
1963,Karen,Apartment,Unfurnished,2,3,86.4,408813.0,5760.0,13.0,18.8,4.3,94.5,2,Yes,No,Expat,Occupied,72.4,373953.0,408813.0
1964,Umoja,Apartment,Furnished,6,6,80.7,124733.0,2442.0,1.9,12.7,7.8,97.6,4,Yes,No,Professional,Vacant,80.3,113043.0,124733.0
1965,Lavington,Apartment,Furnished,2,1,51.0,213872.0,4635.0,20.0,5.2,7.2,86.1,1,No,Yes,Student,Occupied,66.9,199331.0,213872.0
1966,Langata,Townhouse,Unfurnished,4,4,114.2,249568.0,3454.0,5.0,20.7,8.9,92.4,3,Yes,No,Expat,Occupied,72.4,226113.0,249568.0
1967,Umoja,Maisonette,Unfurnished,6,5,55.2,155319.0,2023.0,5.3,7.8,6.1,94.4,3,Yes,Yes,Expat,Occupied,72.1,142971.0,155319.0
1968,Kilimani,Maisonette,Furnished,5,4,85.5,295096.0,11981.0,3.2,13.5,7.6,87.8,3,No,No,Expat,Occupied,80.5,252994.0,295096.0
1969,Westlands,Apartment,Unfurnished,2,2,93.5,251662.0,2027.0,12.4,7.0,5.8,96.4,2,Yes,Yes,Expat,Occupied,78.1,225788.0,251662.0
1970,Umoja,Maisonette,Unfurnished,5,5,74.2,95086.0,3054.0,9.8,0.0,6.9,98.4,4,Yes,Yes,Expat,Occupied,73.2,82317.0,95086.0
1971,Embakasi,Maisonette,Semi-Furnished,2,1,94.6,102778.0,1327.0,4.4,3.8,5.0,86.6,1,Yes,Yes,Student,Occupied,71.3,90711.0,102778.0
1972,Roysambu,Bedsitter,Furnished,4,3,69.9,113634.0,3578.0,8.7,9.3,8.6,82.1,2,Yes,Yes,Professional,Occupied,78.1,107011.0,113634.0
1973,Donholm,Townhouse,Furnished,2,3,87.6,87511.0,5451.0,30.2,17.4,8.3,98.9,1,No,Yes,Student,Occupied,77.0,75431.0,87511.0
1974,Kilimani,Apartment,Unfurnished,2,2,52.3,163007.0,2133.0,16.6,14.1,6.4,83.3,1,No,Yes,Student,Occupied,76.3,156274.0,163007.0
1975,South B,Townhouse,Unfurnished,4,4,102.6,330754.0,1126.0,18.9,12.8,7.3,76.2,3,No,No,Student,Occupied,94.7,301427.0,330754.0
1976,Kileleshwa,Townhouse,Unfurnished,6,6,85.0,327851.0,3095.0,5.2,0.0,7.0,93.1,3,Yes,No,Student,Vacant,80.5,307589.0,327851.0
1977,Embakasi,Apartment,Unfurnished,6,6,61.1,151750.0,3606.0,4.7,19.6,6.3,86.9,4,Yes,No,Professional,Occupied,94.2,136634.0,151750.0
1978,Kilimani,Apartment,Furnished,2,1,94.4,243953.0,3413.0,2.2,13.3,7.1,92.0,2,No,Yes,Professional,Occupied,74.3,226931.0,243953.0
1979,Donholm,Townhouse,Furnished,3,4,109.5,109338.0,12206.0,10.9,11.3,6.5,86.4,3,Yes,Yes,Student,Vacant,74.5,96043.0,109338.0
1980,Kasarani,Apartment,Unfurnished,2,2,71.1,94278.0,5087.0,7.3,18.8,8.2,92.7,2,Yes,Yes,Expat,Occupied,69.9,80543.0,94278.0
1981,South B,Apartment,Furnished,2,1,81.8,117128.0,4815.0,19.8,19.5,6.7,88.2,1,No,Yes,Professional,Occupied,78.0,103073.0,117128.0
1982,Umoja,Townhouse,Semi-Furnished,2,1,77.3,79145.0,5069.0,18.9,18.9,9.9,98.3,2,No,Yes,Professional,Occupied,71.7,73059.0,79145.0
1983,Umoja,Bedsitter,Semi-Furnished,4,3,73.4,104643.0,5047.0,12.2,10.5,6.9,95.8,2,No,Yes,Student,Occupied,70.3,93431.0,104643.0
1984,Kilimani,Apartment,Furnished,2,1,71.9,204155.0,2951.0,3.5,6.0,7.1,89.9,2,No,Yes,Expat,Occupied,56.0,175499.0,204155.0
1985,Kileleshwa,Bedsitter,Semi-Furnished,2,1,75.3,217965.0,2090.0,3.3,17.9,7.6,95.7,2,Yes,No,Expat,Vacant,89.7,203610.0,217965.0
1986,Kasarani,Apartment,Semi-Furnished,2,2,76.1,91051.0,22697.0,1.3,3.8,8.0,91.7,1,No,No,Student,Occupied,71.2,86903.0,91051.0
1987,South B,Apartment,Semi-Furnished,6,6,79.7,186354.0,3632.0,4.5,23.7,7.1,75.2,4,No,Yes,Student,Occupied,89.7,177545.0,186354.0
1988,Donholm,Apartment,Furnished,3,4,78.6,111977.0,4085.0,3.5,12.2,7.6,98.2,2,Yes,No,Professional,Occupied,74.0,101408.0,111977.0
1989,Karen,Bedsitter,Unfurnished,5,5,96.4,467782.0,4153.0,12.8,5.6,7.2,93.7,2,No,Yes,Professional,Vacant,,410400.0,467782.0
1990,Umoja,Apartment,Unfurnished,1,1,95.1,99681.0,2369.0,7.0,4.6,6.1,94.4,1,No,Yes,Family,Vacant,75.7,88323.0,99681.0
1991,Donholm,Maisonette,Semi-Furnished,4,5,62.0,100160.0,4559.0,6.0,4.3,5.7,85.3,2,No,Yes,Family,Occupied,79.1,91213.0,100160.0
1992,Westlands,Bedsitter,Unfurnished,2,1,76.1,230314.0,1644.0,8.2,12.8,7.8,84.8,1,Yes,No,Student,Occupied,64.9,202137.0,230314.0
1993,Umoja,Apartment,Semi-Furnished,5,4,103.8,123123.0,6642.0,9.1,12.0,8.8,83.3,4,No,Yes,Family,Occupied,86.8,109433.0,123123.0
1994,Donholm,Bedsitter,Unfurnished,1,1,89.4,111916.0,3363.0,5.6,4.6,5.0,94.4,1,Yes,No,Expat,Occupied,71.3,99549.0,111916.0
1995,Runda,Apartment,Unfurnished,1,1,90.0,332358.0,8864.0,7.2,9.9,5.3,97.7,2,No,Yes,Expat,Occupied,84.3,313440.0,332358.0
1996,Roysambu,Bedsitter,Unfurnished,5,5,88.6,178613.0,5780.0,13.6,3.8,5.3,94.2,3,Yes,Yes,Expat,Occupied,60.4,165861.0,178613.0
1997,Langata,Apartment,Unfurnished,4,3,81.1,174164.0,5301.0,15.1,15.5,7.9,92.7,3,No,Yes,Professional,Occupied,67.5,161015.0,174164.0
1998,South C,Townhouse,Furnished,5,6,84.4,205602.0,2309.0,3.5,11.7,8.0,87.7,3,No,No,Family,Occupied,78.7,178594.0,205602.0
1999,Roysambu,Apartment,Furnished,2,1,78.9,114482.0,4227.0,7.7,9.7,5.8,88.1,1,No,Yes,Family,Occupied,73.4,99874.0,114482.0
2000,Ruaka,Apartment,Unfurnished,4,4,97.8,256507.0,,21.1,4.3,9.6,88.8,3,Yes,No,Student,Occupied,79.6,240198.0,256507.0
